anr,datum,titel_kurz,ja_proz,li_re,kons_prog
56,5/20/1900,Gesetz zur Kranken-; Unfall- und Militärversicherung,#ZAHL!,#ZAHL!,Nan
57,11/4/1900,Initiative «für die Proporzwahl des Nationalrates»,#ZAHL!,#ZAHL!,Nan
58,11/4/1900,Initiative für die Volkswahl des Bundesrates,#ZAHL!,#ZAHL!,Nan
59,11/23/1902,Unterstützung der Primarschule durch den Bund,#ZAHL!,#ZAHL!,Nan
60,3/15/1903,Zolltarifgesetz,#ZAHL!,#ZAHL!,Nan
61,10/25/1903,Bundesstrafrecht (Anstiftung Militärpflichtiger zu Verbrechen),#ZAHL!,#ZAHL!,Nan
62,10/25/1903,Initiative «für die Wahl des Nationalrates aufgrund der Schweizer Wohnbevölkerung»,#ZAHL!,#ZAHL!,Nan
63,10/25/1903,Artikel über die Regulierung des Alkoholhandels,#ZAHL!,#ZAHL!,Nan
64,3/19/1905,Ausdehnung des Erfinderschutzes,#ZAHL!,#ZAHL!,Nan
65,6/10/1906,Lebensmittelgesetz,#ZAHL!,#ZAHL!,Nan
66,11/3/1907,Militärorganisation der schweizerischen Eidgenossenschaft,#ZAHL!,#ZAHL!,Nan
67,7/5/1908,Verfassungsartikel zur Gesetzgebung über das Gewerbewesen,#ZAHL!,#ZAHL!,Nan
68,7/5/1908,Initiative «für ein Absinthverbot»,#ZAHL!,#ZAHL!,Nan
69,10/25/1908,Verfassungsartikel über die Wasserkraft und Elektrizität,#ZAHL!,#ZAHL!,Nan
70,10/23/1910,Initiative «für die Proporzwahl des Nationalrates»,#ZAHL!,#ZAHL!,Nan
71,2/4/1912,Kranken- und Unfallversicherungsgesetz,#ZAHL!,#ZAHL!,Nan
72,5/4/1913,Bekämpfung menschlicher und tierischer Krankheiten,#ZAHL!,#ZAHL!,Nan
73,10/25/1914,Schaffung eines Verwaltungsgerichts,#ZAHL!,#ZAHL!,Nan
74,6/6/1915,Verfassungsgrundlage für eine einmalige Kriegssteuer,#ZAHL!,#ZAHL!,Nan
75,5/13/1917,Stempelabgaben,#ZAHL!,#ZAHL!,Nan
76,6/2/1918,Initiative für eine direkte Bundessteuer,#ZAHL!,#ZAHL!,Nan
77,10/13/1918,Initiative «für die Proporzwahl des Nationalrates»,#ZAHL!,#ZAHL!,Nan
78,5/4/1919,Artikel über die Schifffahrt,#ZAHL!,#ZAHL!,Nan
79,5/4/1919,Verfassungsgrundlage für eine ausserordentliche Kriegssteuer,#ZAHL!,#ZAHL!,Nan
80,8/10/1919,Übergangsbestimmungen für vorgezogene Wahlen in den National- und Bundesrat,#ZAHL!,#ZAHL!,Nan
81,3/21/1920,Gesetz zur Ordnung des Arbeitsverhältnisses,#ZAHL!,#ZAHL!,Nan
"82,1",3/21/1920,Initiative für ein Verbot der Spielbanken,#ZAHL!,#ZAHL!,Nan
"82,2",3/21/1920,Gegenentwurf zur Initiative für ein Verbot der Spielbanken,#ZAHL!,#ZAHL!,Nan
83,5/16/1920,Beitritt zum Völkerbund,#ZAHL!,#ZAHL!,Nan
84,10/31/1920,Gesetz zur Arbeitszeit bei den Eisenbahnen,#ZAHL!,#ZAHL!,Nan
85,1/30/1921,Initiative für ein Staatsvertragsreferendum,#ZAHL!,#ZAHL!,Nan
86,1/30/1921,Initiative «für die Aufhebung der Militärjustiz»,#ZAHL!,#ZAHL!,Nan
87,5/22/1921,Artikel über den Automobil- und Fahrradverkehr,#ZAHL!,#ZAHL!,Nan
88,5/22/1921,Artikel über die Luftschiffahrt,#ZAHL!,#ZAHL!,Nan
89,6/11/1922,Initiative «betreffend die Erlangung des Schweizerbürgerrechts»,#ZAHL!,#ZAHL!,Nan
90,6/11/1922,Initiative «betreffend die Ausweisung von Ausländern»,#ZAHL!,#ZAHL!,Nan
91,6/11/1922,Initiative «betreffend die Wählbarkeit der Bundesbeamten in den Nationalrat»,#ZAHL!,#ZAHL!,Nan
92,9/24/1922,Strafrechtsrevision (innere Sicherheit und bedingter Strafvollzug),#ZAHL!,#ZAHL!,Nan
93,12/3/1922,Initiative für eine einmalige Vermögensabgabe,#ZAHL!,#ZAHL!,Nan
94,2/18/1923,Schutzhaft-Initiative,#ZAHL!,#ZAHL!,Nan
95,2/18/1923,Abkommen mit Frankreich betreffend Hochsavoyen,#ZAHL!,#ZAHL!,Nan
96,4/15/1923,Zollinitiative,#ZAHL!,#ZAHL!,Nan
97,6/3/1923,Bundesbeschluss zum Alkoholwesen,#ZAHL!,#ZAHL!,Nan
98,2/17/1924,Fabrikgesetz,#ZAHL!,#ZAHL!,Nan
99,5/24/1925,Initiative für eine AHV/IV,#ZAHL!,#ZAHL!,Nan
100,10/25/1925,Beschluss betreffend Aufenthalt und Niederlassung der Ausländer,#ZAHL!,#ZAHL!,Nan
101,12/6/1925,Bundesbeschluss betreffend eine AHV/IV,#ZAHL!,#ZAHL!,Nan
102,12/5/1926,Artikel zur Getreideversorgung,#ZAHL!,#ZAHL!,Nan
103,5/15/1927,Entschädigung an Kantone für Alpenstrassen,#ZAHL!,#ZAHL!,Nan
104,5/15/1927,Gesetz über den Automobil- und Fahrradverkehr,#ZAHL!,#ZAHL!,Nan
105,5/20/1928,Massnahmen gegen die Überfremdung,#ZAHL!,#ZAHL!,Nan
106,12/2/1928,Initiative für die Erhaltung der Kursäle,#ZAHL!,#ZAHL!,Nan
"107,1",3/3/1929,Initiative zur Getreideversorgung,#ZAHL!,#ZAHL!,Nan
"107,2",3/3/1929,Gegenentwurf zur Initiative zur Getreideversorgung,#ZAHL!,#ZAHL!,Nan
108,3/3/1929,Zolltarifgesetz,#ZAHL!,#ZAHL!,Nan
109,5/12/1929,Initiative «betreffend die Gesetzgebung über den Strassenverkehr»,#ZAHL!,#ZAHL!,Nan
110,5/12/1929,Initiative «für ein Branntweinverbot»,#ZAHL!,#ZAHL!,Nan
111,4/6/1930,Neuregelung des Alkoholwesens,#ZAHL!,#ZAHL!,Nan
112,2/8/1931,Ordensverbot,#ZAHL!,#ZAHL!,Nan
113,3/15/1931,Beschluss über die Mitgliederzahl des Nationalrates,#ZAHL!,#ZAHL!,Nan
114,3/15/1931,Amtsdauer des Nationalrats; des Bundesrats und des Bundeskanzlers,#ZAHL!,#ZAHL!,Nan
115,12/6/1931,Gesetz über die AHV,#ZAHL!,#ZAHL!,Nan
116,12/6/1931,Gesetz über die Besteuerung des Tabaks,#ZAHL!,#ZAHL!,Nan
117,5/28/1933,Gesetz zur Herabsetzung der Löhne des Bundespersonals,#ZAHL!,#ZAHL!,Nan
118,3/11/1934,Gesetz über den Schutz der öffentlichen Ordnung,#ZAHL!,#ZAHL!,Nan
119,2/24/1935,Neuordnung der militärischen Ausbildung,#ZAHL!,#ZAHL!,Nan
120,5/5/1935,Verkehrsteilungsgesetz,#ZAHL!,#ZAHL!,Nan
121,6/2/1935,Initiative «zur Bekämpfung der Wirtschaftskrise»,#ZAHL!,#ZAHL!,Nan
122,9/8/1935,Initiative für eine Totalrevision der Bundesverfassung,#ZAHL!,#ZAHL!,Nan
123,11/28/1937,Initiative «für ein Verbot der Freimaurerei»,#ZAHL!,#ZAHL!,Nan
124,2/20/1938,Anerkennung des Rätoromanischen als Nationalsprache,#ZAHL!,#ZAHL!,Nan
125,2/20/1938,Initiative zur Beschränkung der Dringlichkeitsklausel,#ZAHL!,#ZAHL!,Nan
"126,1",2/20/1938,Initiative «Private Rüstungsindustrie»,#ZAHL!,#ZAHL!,Nan
"126,2",2/20/1938,Gegenentwurf zur Initiative «Private Rüstungsindustrie»,#ZAHL!,#ZAHL!,Nan
127,7/3/1938,Schweizerisches Strafgesetzbuch,#ZAHL!,#ZAHL!,Nan
128,11/27/1938,Übergangsordnung des Finanzhaushalts,#ZAHL!,#ZAHL!,Nan
129,1/22/1939,Initiative für eine Erweiterung der Verfassungsgerichtsbarkeit,#ZAHL!,#ZAHL!,Nan
130,1/22/1939,Beschluss betreffend eine Einschränkung der Dringlichkeitsklausel,#ZAHL!,#ZAHL!,Nan
131,6/4/1939,Bundesbeschluss zum Ausbau der Landesverteidigung und zur Bekämpfung der Arbeitslosigkeit,#ZAHL!,#ZAHL!,Nan
132,12/3/1939,Dienstverhältnis und Versicherung des Bundespersonals,#ZAHL!,#ZAHL!,Nan
133,12/1/1940,Einführung des obligatorischen militärischen Vorunterrichts,#ZAHL!,#ZAHL!,Nan
134,3/9/1941,Initiative «zur Neuordnung des Alkoholwesens»,#ZAHL!,#ZAHL!,Nan
135,1/25/1942,Initiative für die Wahl des Bundesrates durch das Volk,#ZAHL!,#ZAHL!,Nan
136,5/3/1942,Initiative «für die Reorganisation des Nationalrates»,#ZAHL!,#ZAHL!,Nan
137,10/29/1944,Gesetz über den unlauteren Wettbewerb,#ZAHL!,#ZAHL!,Nan
138,1/21/1945,Gesetz über die Bundesbahnen,#ZAHL!,#ZAHL!,Nan
139,11/25/1945,Gegenentwurf zur Volksinitiative «Für die Familie»,#ZAHL!,#ZAHL!,Nan
140,2/10/1946,Bundesbeschluss für eine Gütertransportordnung,#ZAHL!,#ZAHL!,Nan
141,12/8/1946,Initiative «Recht auf Arbeit»,#ZAHL!,#ZAHL!,Nan
142,5/18/1947,Initiative «Wirtschaftsreform und Rechte der Arbeit»,#ZAHL!,#ZAHL!,Nan
143,7/6/1947,Revision der Wirtschaftsartikel,#ZAHL!,#ZAHL!,Nan
144,7/6/1947,Gesetz über die AHV,#ZAHL!,#ZAHL!,Nan
145,3/14/1948,Ordnung der Zuckerwirtschaft,#ZAHL!,#ZAHL!,Nan
146,5/22/1949,Nationalbank-Artikel,#ZAHL!,#ZAHL!,Nan
147,5/22/1949,Gesetz zur Bekämpfung der Tuberkulose,#ZAHL!,#ZAHL!,Nan
148,9/11/1949,Initiative «für die Rückkehr zur direkten Demokratie»,#ZAHL!,#ZAHL!,Nan
149,12/11/1949,Gesetz über das Dienstverhältnis der Bundesbeamten,#ZAHL!,#ZAHL!,Nan
150,1/29/1950,Massnahmen zur Förderung der Wohnbautätigkeit,#ZAHL!,#ZAHL!,Nan
151,6/4/1950,Neuordnung des Finanzhaushalts,#ZAHL!,#ZAHL!,Nan
152,10/1/1950,Initiative zur «Verhinderung der Spekulation»,#ZAHL!,#ZAHL!,Nan
153,12/3/1950,Beschluss über die Mitgliederzahl des Nationalrates,#ZAHL!,#ZAHL!,Nan
154,12/3/1950,Finanzordnung 1951 bis 1954,#ZAHL!,#ZAHL!,Nan
155,2/25/1951,Autotransportordnung,#ZAHL!,#ZAHL!,Nan
"156,1",4/15/1951,Freigeld-Initiative,#ZAHL!,#ZAHL!,Nan
"156,2",4/15/1951,Gegenentwurf zur «Freigeldinitiative»,#ZAHL!,#ZAHL!,Nan
157,7/8/1951,Initiative für einen Beitrag der öffentlichen Unternehmungen an die Kosten der Landesverteidigung,#ZAHL!,#ZAHL!,Nan
158,3/2/1952,Verlängerung der Bewilligungspflicht für Gasthöfe,#ZAHL!,#ZAHL!,Nan
159,3/30/1952,Landwirtschaftsgesetz,#ZAHL!,#ZAHL!,Nan
160,4/20/1952,Warenumsatzsteuer-Initiative,#ZAHL!,#ZAHL!,Nan
161,5/18/1952,Initiative «zur Rüstungsfinanzierung und zum Schutze der sozialen Errungenschaften»,#ZAHL!,#ZAHL!,Nan
162,7/6/1952,Bundesbeschluss über die Deckung der Rüstungsausgaben,#ZAHL!,#ZAHL!,Nan
163,10/5/1952,Tabakzölle und Tabakkontingentierung,#ZAHL!,#ZAHL!,Nan
164,10/5/1952,Bundesbeschluss über den Einbau von Luftschutzräumen,#ZAHL!,#ZAHL!,Nan
165,11/23/1952,Befristete Weiterführung der Preiskontrolle,#ZAHL!,#ZAHL!,Nan
166,11/23/1952,Beschluss zur Brotgetreideversorgung des Landes,#ZAHL!,#ZAHL!,Nan
167,4/19/1953,Postverkehrsgesetz,#ZAHL!,#ZAHL!,Nan
168,12/6/1953,Neuordnung des Finanzhaushalts,#ZAHL!,#ZAHL!,Nan
169,12/6/1953,Verfassungsartikel über den Schutz der Gewässer ,#ZAHL!,#ZAHL!,Nan
170,6/20/1954,Bundesbeschluss über Fähigkeitsausweise,#ZAHL!,#ZAHL!,Nan
171,6/20/1954,Hilfe an kriegsgeschädigte Auslandschweizer,#ZAHL!,#ZAHL!,Nan
172,10/24/1954,Finanzordnung 1955 bis 1958,#ZAHL!,#ZAHL!,Nan
173,12/5/1954,Initiative zum Schutz der Stromlandschaft Rheinau,#ZAHL!,#ZAHL!,Nan
"174,1",3/13/1955,Mieter- und Konsumentenschutzinitiative,#ZAHL!,#ZAHL!,Nan
"174,2",3/13/1955,Gegenentwurf zur Mieter- und Konsumentenschutzinitiative,#ZAHL!,#ZAHL!,Nan
175,3/4/1956,Befristete Weiterführung einer beschränkten Preiskontrolle,#ZAHL!,#ZAHL!,Nan
176,5/13/1956,Initiative zur Erweiterung der Volksrechte bei Wasserrechtskonzessionen,#ZAHL!,#ZAHL!,Nan
177,5/13/1956,Gewährung einer Hilfe an die Holzverzuckerungs-AG Graubünden,#ZAHL!,#ZAHL!,Nan
178,9/30/1956,Revision der Brotgetreideordnung ,#ZAHL!,#ZAHL!,Nan
179,9/30/1956,Beschluss betreffend Ausgabenbeschlüsse der Bundesversammlung,#ZAHL!,#ZAHL!,Nan
180,3/3/1957,Zivilschutzartikel,#ZAHL!,#ZAHL!,Nan
181,3/3/1957,Verfassungsartikel betreffend Rundspruch und Fernsehen,#ZAHL!,#ZAHL!,Nan
182,11/24/1957,Verfassungsartikel zu Atomenergie und Strahlenschutz,#ZAHL!,#ZAHL!,Nan
183,11/24/1957,Beschluss zur Brotgetreideversorgung des Landes,#ZAHL!,#ZAHL!,Nan
184,1/26/1958,Initiative «gegen den Missbrauch wirtschaftlicher Macht»,#ZAHL!,#ZAHL!,Nan
185,5/11/1958,Neuordnung des Finanzhaushalts,#ZAHL!,#ZAHL!,Nan
186,7/6/1958,Verfassungsartikel zum Filmwesen,#ZAHL!,#ZAHL!,Nan
187,7/6/1958,Bundesbeschluss über die Verbesserung des Strassennetzes,#ZAHL!,#ZAHL!,Nan
188,10/26/1958,Initiative «zur Einführung der 44-Stunden-Woche»,#ZAHL!,#ZAHL!,Nan
189,12/7/1958,Erhöhung des Höchsteinsatzes bei Kursaalspielen,#ZAHL!,#ZAHL!,Nan
190,12/7/1958,Abkommen mit Italien zur Wasserkraft des Spöl,#ZAHL!,#ZAHL!,Nan
191,2/1/1959,Einführung des Frauenstimmrechts,#ZAHL!,#ZAHL!,Nan
192,5/24/1959,Zivilschutzartikel,#ZAHL!,#ZAHL!,Nan
193,5/29/1960,Weiterführung befristeter Preiskontrollmassnahmen,#ZAHL!,#ZAHL!,Nan
194,12/4/1960,Massnahmen für die Milchwirtschaft,#ZAHL!,#ZAHL!,Nan
195,3/5/1961,Artikel betreffend Leitungsanlagen für Treibstoffe,#ZAHL!,#ZAHL!,Nan
196,3/5/1961,Treibstoffzoll zur Finanzierung der Nationalstrassen,#ZAHL!,#ZAHL!,Nan
197,10/22/1961,Volksinitiative zur Einführung der Gesetzesinitiative,#ZAHL!,#ZAHL!,Nan
198,12/3/1961,Uhrenstatut,#ZAHL!,#ZAHL!,Nan
199,4/1/1962,Initiative «für ein Verbot der Atomwaffen»,#ZAHL!,#ZAHL!,Nan
200,5/27/1962,Natur- und Heimatschutz-Artikel,#ZAHL!,#ZAHL!,Nan
201,5/27/1962,Gesetz über die Taggelder des Nationalrates,#ZAHL!,#ZAHL!,Nan
202,11/4/1962,Festsetzung der Mitgliederzahl des Nationalrates,#ZAHL!,#ZAHL!,Nan
203,5/26/1963,Initiative für ein Referendum gegen Atomwaffen,#ZAHL!,#ZAHL!,Nan
204,12/8/1963,Weiterführung der Finanzordnung ,#ZAHL!,#ZAHL!,Nan
205,12/8/1963,Artikel über Stipendien und Ausbildungsbeihilfen,#ZAHL!,#ZAHL!,Nan
206,2/2/1964,Erlass einer allgemeinen Steueramnestie,#ZAHL!,#ZAHL!,Nan
207,5/24/1964,Berufsbildungsgesetz,#ZAHL!,#ZAHL!,Nan
208,12/6/1964,Weiterführung befristeter Preiskontrollmassnahmen,#ZAHL!,#ZAHL!,Nan
209,2/28/1965,Bekämpfung der Teuerung durch Massnahmen im Kreditwesen,#ZAHL!,#ZAHL!,Nan
210,2/28/1965,Bekämpfung der Teuerung durch Massnahmen in der Bauwirtschaft,#ZAHL!,#ZAHL!,Nan
211,5/16/1965,Milchbeschluss,#ZAHL!,#ZAHL!,Nan
212,10/16/1966,Auslandschweizer-Artikel,#ZAHL!,#ZAHL!,Nan
213,10/16/1966,Initiative «zur Bekämpfung des Alkoholismus»,#ZAHL!,#ZAHL!,Nan
214,7/2/1967,Initiative «gegen die Bodenspekulation»,#ZAHL!,#ZAHL!,Nan
215,2/18/1968,Erlass einer allgemeinen Steueramnestie,#ZAHL!,#ZAHL!,Nan
216,5/19/1968,Gesetz über die Tabakbesteuerung,#ZAHL!,#ZAHL!,Nan
217,6/1/1969,Gesetz über die Eidgenössischen Technischen Hochschulen,#ZAHL!,#ZAHL!,Nan
218,9/14/1969,Verfassungsrechtliche Ordnung des Bodenrechts,#ZAHL!,#ZAHL!,Nan
219,2/1/1970,Bundesbeschluss über die inländische Zuckerwirtschaft,#ZAHL!,#ZAHL!,Nan
220,6/7/1970,Initiative «Gegen die Überfremdung»,#ZAHL!,#ZAHL!,Nan
221,9/27/1970,Verfassungsartikel zur Förderung von Turnen und Sport,#ZAHL!,#ZAHL!,Nan
222,9/27/1970,Initiative «Recht auf Wohnung und Ausbau des Familienschutzes»,#ZAHL!,#ZAHL!,Nan
223,11/15/1970,Änderung der Finanzordnung,#ZAHL!,#ZAHL!,Nan
224,2/7/1971,Einführung des Frauenstimmrechts,#ZAHL!,#ZAHL!,Nan
225,6/6/1971,Umweltschutzartikel,#ZAHL!,#ZAHL!,Nan
226,6/6/1971,Weiterführung der Finanzordnung,#ZAHL!,#ZAHL!,Nan
"227,1",3/5/1972,Initiative «zur Förderung des Wohnungsbaues»,#ZAHL!,#ZAHL!,Nan
"227,2",3/5/1972,Gegenentwurf zur Wohnungsbau-Initiative,#ZAHL!,#ZAHL!,Nan
228,3/5/1972,Verfassungsartikel über den Mieterschutz und die Allgemeinverbindlicherklärung von Mietverträgen,#ZAHL!,#ZAHL!,Nan
229,6/4/1972,Massnahmen zur Stabilisierung des Baumarktes,#ZAHL!,#ZAHL!,Nan
230,6/4/1972,Bundesbeschluss über den Schutz der Währung,#ZAHL!,#ZAHL!,Nan
231,9/24/1972,Initiative für ein Waffenausfuhrverbot,#ZAHL!,#ZAHL!,Nan
"232,1",12/3/1972,Initiative zur Einführung einer Volkspension,#ZAHL!,#ZAHL!,Nan
"232,2",12/3/1972,Gegenentwurf zur Initiative zur Einführung einer Volkspension,#ZAHL!,#ZAHL!,Nan
233,12/3/1972,Abkommen mit der EWG,#ZAHL!,#ZAHL!,Nan
234,3/4/1973,Bildungsartikel,#ZAHL!,#ZAHL!,Nan
235,3/4/1973,Verfassungsartikel zur wissenschaftlichen Forschung,#ZAHL!,#ZAHL!,Nan
236,5/20/1973,Aufhebung des Jesuiten- und des Klosterartikels,#ZAHL!,#ZAHL!,Nan
237,12/2/1973,Massnahmen zur Preisüberwachung,#ZAHL!,#ZAHL!,Nan
238,12/2/1973,Massnahmen auf dem Gebiet des Kreditwesens,#ZAHL!,#ZAHL!,Nan
239,12/2/1973,Massnahmen zur Stabilisierung des Baumarktes,#ZAHL!,#ZAHL!,Nan
240,12/2/1973,Einschränkung der steuerwirksamen Abschreibungen,#ZAHL!,#ZAHL!,Nan
241,12/2/1973,Tierschutzartikel ,#ZAHL!,#ZAHL!,Nan
242,10/20/1974,Initiative «Gegen die Überfremdung»,#ZAHL!,#ZAHL!,Nan
243,12/8/1974,Verbesserung des Bundeshaushalts,#ZAHL!,#ZAHL!,Nan
244,12/8/1974,Erschwerung von Ausgabenbeschlüssen,#ZAHL!,#ZAHL!,Nan
"245,1",12/8/1974,Initiative «für eine soziale Krankenversicherung»,#ZAHL!,#ZAHL!,Nan
"245,2",12/8/1974,Bundesbeschluss über die soziale Krankenversicherung (Gegenentwurf),#ZAHL!,#ZAHL!,Nan
246,3/2/1975,Konjunkturartikel,#ZAHL!,#ZAHL!,Nan
247,6/8/1975,Bundesbeschluss über den Schutz der Währung,#ZAHL!,#ZAHL!,Nan
248,6/8/1975,Bundesbeschluss über die Finanzierung der Nationalstrassen,#ZAHL!,#ZAHL!,Nan
249,6/8/1975,Änderung des Generalzolltarifs,#ZAHL!,#ZAHL!,Nan
250,6/8/1975,Bundesbeschluss zur Erhöhung der Steuereinnahmen,#ZAHL!,#ZAHL!,Nan
251,6/8/1975,Erschwerung von Ausgabenbeschlüssen,#ZAHL!,#ZAHL!,Nan
252,12/7/1975,Reform der Niederlassungsfreiheit und Unterstützungsregelung,#ZAHL!,#ZAHL!,Nan
253,12/7/1975,Verfassungsbestimmungen zur Wasserwirtschaft,#ZAHL!,#ZAHL!,Nan
254,12/7/1975,Gesetz über die Ein- und Ausfuhr von Landwirtschaftserzeugnissen,#ZAHL!,#ZAHL!,Nan
"255,1",3/21/1976,Initiative «für die Mitbestimmung der Arbeitnehmer»,#ZAHL!,#ZAHL!,Nan
"255,2",3/21/1976,Gegenentwurf zur Mitbestimmungsinitiative,#ZAHL!,#ZAHL!,Nan
256,3/21/1976,Initiative «für eine Reform des Steuerwesens»,#ZAHL!,#ZAHL!,Nan
257,6/13/1976,Raumplanungsgesetz,#ZAHL!,#ZAHL!,Nan
258,6/13/1976,Darlehen an die Internationale Entwicklungsorganisation,#ZAHL!,#ZAHL!,Nan
259,6/13/1976,Neukonzeption der Arbeitslosenversicherung,#ZAHL!,#ZAHL!,Nan
260,9/26/1976,Radio- und Fernsehartikel,#ZAHL!,#ZAHL!,Nan
261,9/26/1976,Initiative für eine Haftpflichtversicherung für Motorfahrzeuge und Fahrräder,#ZAHL!,#ZAHL!,Nan
262,12/5/1976,Bundesbeschluss über die Geld- und Kreditpolitik,#ZAHL!,#ZAHL!,Nan
263,12/5/1976,Bundesbeschluss über die Preisüberwachung,#ZAHL!,#ZAHL!,Nan
264,12/5/1976,Initiative «für die Einführung der 40-Stunden-Woche»,#ZAHL!,#ZAHL!,Nan
265,3/13/1977,Vierte «Überfremdungsinitiative»,#ZAHL!,#ZAHL!,Nan
266,3/13/1977,Initiative «für eine Beschränkung der Einbürgerungen»,#ZAHL!,#ZAHL!,Nan
"267,1",3/13/1977,Initiative zur Neuordnung des Staatsvertragsreferendums,#ZAHL!,#ZAHL!,Nan
"267,2",3/13/1977,Neuordnung des Staatsvertragsreferendums (Gegenentwurf),#ZAHL!,#ZAHL!,Nan
268,6/12/1977,Neuordnung der Umsatzsteuer und der direkten Bundessteuer,#ZAHL!,#ZAHL!,Nan
269,6/12/1977,Bundesbeschluss über die Steuerharmonisierung,#ZAHL!,#ZAHL!,Nan
"270,1",9/25/1977,Mieterschutzinitiative,#ZAHL!,#ZAHL!,Nan
"270,2",9/25/1977,Gegenentwurf zur Mieterschutzinitiative,#ZAHL!,#ZAHL!,Nan
271,9/25/1977,Initiative «gegen die Luftverschmutzung durch Motorfahrzeuge»,#ZAHL!,#ZAHL!,Nan
272,9/25/1977,Erhöhung der Unterschriftenzahl für das Referendum,#ZAHL!,#ZAHL!,Nan
273,9/25/1977,Erhöhung der Unterschriftenzahl für die Verfassungsinitiative,#ZAHL!,#ZAHL!,Nan
274,9/25/1977,Initiative «für die Fristenlösung»,#ZAHL!,#ZAHL!,Nan
275,12/4/1977,«Reichtumssteuer-Initiative»,#ZAHL!,#ZAHL!,Nan
276,12/4/1977,Bundesgesetz über die politischen Rechte,#ZAHL!,#ZAHL!,Nan
277,12/4/1977,Einführung eines zivilen Ersatzdienstes,#ZAHL!,#ZAHL!,Nan
278,12/4/1977,Massnahmen zum Ausgleich des Bundeshaushaltes,#ZAHL!,#ZAHL!,Nan
279,2/26/1978,Initiative für mehr Mitbestimmung im Nationalstrassenbau,#ZAHL!,#ZAHL!,Nan
280,2/26/1978,9. AHV-Revision,#ZAHL!,#ZAHL!,Nan
281,2/26/1978,Initiative zur Herabsetzung des AHV-Alters,#ZAHL!,#ZAHL!,Nan
282,2/26/1978,Konjunkturartikel,#ZAHL!,#ZAHL!,Nan
283,5/28/1978,Zeitgesetz (Sommerzeit),#ZAHL!,#ZAHL!,Nan
284,5/28/1978,Zolltarifgesetz (Brotpreis),#ZAHL!,#ZAHL!,Nan
285,5/28/1978,Gesetz über den Schwangerschaftsabbruch,#ZAHL!,#ZAHL!,Nan
286,5/28/1978,Gesetz über die Hochschulförderung,#ZAHL!,#ZAHL!,Nan
287,5/28/1978,Initiative für 12 autofreie Sonntage pro Jahr,#ZAHL!,#ZAHL!,Nan
288,9/24/1978,Bundesbeschluss über die Gründung des Kantons Jura,#ZAHL!,#ZAHL!,Nan
289,12/3/1978,Milchwirtschaftsbeschluss,#ZAHL!,#ZAHL!,Nan
290,12/3/1978,Tierschutzgesetz ,#ZAHL!,#ZAHL!,Nan
291,12/3/1978,Sicherheitspolizeigesetz,#ZAHL!,#ZAHL!,Nan
292,12/3/1978,Berufsbildungsgesetz,#ZAHL!,#ZAHL!,Nan
293,2/18/1979,Stimm- und Wahlrecht für 18-Jährige,#ZAHL!,#ZAHL!,Nan
294,2/18/1979,Bundesbeschluss über die Fuss- und Wanderwege,#ZAHL!,#ZAHL!,Nan
295,2/18/1979,Initiative «gegen Suchtmittelreklame»,#ZAHL!,#ZAHL!,Nan
296,2/18/1979,Atominitiative,#ZAHL!,#ZAHL!,Nan
297,5/20/1979,Neuordnung der Umsatzsteuer und der direkten Bundessteuer,#ZAHL!,#ZAHL!,Nan
298,5/20/1979,Atomgesetz,#ZAHL!,#ZAHL!,Nan
299,3/2/1980,Initiative zur «vollständigen Trennung von Kirche und Staat»,#ZAHL!,-1,3
300,3/2/1980,Neuordnung der Landesversorgung,#ZAHL!,2,-2
301,11/30/1980,Gurten- und Schutzhelmobligatorium,#ZAHL!,0,2
302,11/30/1980,Aufhebung des Kantonsanteils an den Stempelabgaben,#ZAHL!,0,1
303,11/30/1980,Abbau des Kantonsanteils an den Alkoholeinnahmen ,#ZAHL!,0,1
304,11/30/1980,Revision der Brotgetreideordnung,#ZAHL!,2,1
305,4/5/1981,Initiative «für eine neue Ausländerpolitik»,#ZAHL!,-2,2
306,6/14/1981,Artikel zur Gleichstellung von Mann und Frau,#ZAHL!,-1,3
307,6/14/1981,zur Absicherung der Rechte der Konsumenten,65.5,-1,3
308,11/29/1981,Weiterführung der Finanzordnung,#ZAHL!,0,1
309,6/6/1982,Strafgesetz (Gewaltverbrechen),63.7,1,1
310,6/6/1982,Ausländergesetz,#ZAHL!,-1,2
"311,1",11/28/1982,Verhinderung missbräuchlicher Preise,57.9,-1,1
"311,2",11/28/1982,Verhinderung missbräuchlicher Preise (Gegenentwurf),24.8,1,2
312,2/27/1983,Neuregelung der Treibstoffzölle,#ZAHL!,-1,0
313,2/27/1983,Energieartikel,#ZAHL!,-1,1
314,12/4/1983,Reform der Bürgerrechtsregelung in der Bundesverfassung,#ZAHL!,-2,2
315,12/4/1983,Bundesbeschluss über die Erleichterung gewisser Einbürgerungen,#ZAHL!,-2,2
316,2/26/1984,Schwerverkehrsabgabe,58.7,-1,3
317,2/26/1984,Einführung der Autobahnvignette,#ZAHL!,-1,-1
318,2/26/1984,Zivildienst auf der Grundlage des Tatbeweises,36.2,-1,-1
319,5/20/1984,Banken-Initiative,27,-1,1
320,5/20/1984,Initiative «Gegen den Ausverkauf der Heimat»,#ZAHL!,2,-1
321,9/23/1984,Zukunft ohne weitere Atomkraftwerke,45,-1,1
322,9/23/1984,"sichere, sparsame und umweltgerechte Energieversorgung",45.8,-1,1
323,12/2/1984,Mutterschaftsversicherung,15.8,-1,1
324,12/2/1984,Radio- und Fernsehartikel,#ZAHL!,-1,-1
325,12/2/1984,Bundesbeschluss über die Entschädigung der Opfer von Gewaltverbrechen,#ZAHL!,-2,1
326,3/10/1985,Aufhebung der Bundesbeiträge für den Primarschulunterricht,#ZAHL!,-1,1
327,3/10/1985,Aufhebung der Beitragspflicht des Bundes im Gesundheitswesen,#ZAHL!,0,1
328,3/10/1985,Neuregelung der Ausbildungsbeiträge,47.6,1,-3
329,3/10/1985,Verlängerung der bezahlten Ferien,34.8,-2,1
330,6/9/1985,Initiative «Recht auf Leben»,#ZAHL!,2,0
331,6/9/1985,Aufhebung des Kantonsanteils an den Stempelabgaben,#ZAHL!,1,1
332,6/9/1985,Neuverteilung der Erträge aus der Alkoholabgabe,#ZAHL!,1,1
333,6/9/1985,Aufhebung der Unterstützung für die Selbstversorgung mit Brotgetreide,#ZAHL!,1,1
334,9/22/1985,Bundesbeschluss zur Koordination des Schuljahresbeginns,#ZAHL!,0,1
335,9/22/1985,Innovationsrisikogarantie,43.1,-1,1
336,9/22/1985,Neues Ehe- und Erbrecht,#ZAHL!,-1,3
337,12/1/1985,Initiative «für die Abschaffung der Vivisektion»,#ZAHL!,-2,2
338,3/16/1986,UNO-Beitritt,#ZAHL!,-1,2
"339,1",9/28/1986,Eidgenössische 'Kulturinitiative',18.1,-1,1
"339,2",9/28/1986,Gegenentwurf zur Kulturinitiative,#ZAHL!,-1,1
340,9/28/1986,Lehrwerkstätten-Initiative,18.4,-1,2
341,9/28/1986,Bundesbeschluss über die Zuckerwirtschaft,#ZAHL!,-1,-1
342,12/7/1986,Mieterschutz (Gegenvorschlag),64.4,-1,3
343,12/7/1986,Schwerverkehrsabgabe (Initiative),33.9,-1,2
344,4/5/1987,Asylgesetz (Verfahrensstraffung),67.3,1,-3
345,4/5/1987,Ausländergesetz,#ZAHL!,1,-3
346,4/5/1987,Rüstungsreferendum,40.6,-1,1
347,4/5/1987,Abstimmungsverfahren bei Volksinitiativen mit Gegenentwurf,#ZAHL!,0,2
348,12/6/1987,BAHN 2000,57,-1,1
349,12/6/1987,Kranken- und Mutterschaftsversicherung,28.7,-1,1
350,12/6/1987,Rothenthurm-Initiative,57.8,-1,1
351,6/12/1988,Verfassungsgrundlagen für eine koordinierte Verkehrspolitik,#ZAHL!,-1,1
352,6/12/1988,Herabsetzung des AHV-Rentenalters,35.1,-2,1
353,12/4/1988,Stadt-Land-Initiative gegen die Bodenspekulation,30.8,-1,2
354,12/4/1988,40-Stunden-Woche,34.3,-2,1
355,12/4/1988,Initiative «für die Begrenzung der Einwanderung»,#ZAHL!,3,-1
356,6/4/1989,Kleinbauern-Initiative,#ZAHL!,-2,0
357,11/26/1989,Schweiz ohne Armee und umfassende Friedenspolitik,35.6,-2,1
358,11/26/1989,Initiative «pro Tempo 130/100»,#ZAHL!,-2,-1
359,4/1/1990,Initiative «für eine Begrenzung des Strassenbaus»,#ZAHL!,-3,-2
360,4/1/1990,Initiative «für eine autobahnfreie Landschaft zwischen Murten und Yverdon»,#ZAHL!,-2,-2
361,4/1/1990,Initiative «für ein autobahnfreies Knonauer Amt»,#ZAHL!,-2,-2
362,4/1/1990,Initiative für eine freie Aarelandschaft zwischen Biel und Solothurn,#ZAHL!,-2,-2
363,4/1/1990,Rebbaubeschluss,#ZAHL!,1,-2
364,4/1/1990,Gesetz über die Organisation der Bundesrechtspflege,#ZAHL!,2,2
365,9/23/1990,für den Ausstieg aus der Atomenergie,47.1,-1,1
366,9/23/1990,Stopp dem Atomkraftwerkbau (Moratorium),54.5,-1,1
367,9/23/1990,Energieartikel in der Bundesverfassung,71.1,-1,1
368,9/23/1990,Strassenverkehrsgesetz,#ZAHL!,1,1
369,3/3/1991,Herabsetzung des Stimmrechtsalters auf 18 Jahre,#ZAHL!,0,1
370,3/3/1991,Förderung des öffentlichen Verkehrs,37.1,-1,-1
371,6/2/1991,Neuordnung der Bundesfinanzen (Einführung Mehrwertsteuer),#ZAHL!,-1,2
372,6/2/1991,Militärstrafgesetz,#ZAHL!,-2,3
373,2/16/1992,«Krankenkassen-Initiative»,#ZAHL!,-2,1
374,2/16/1992,Initiative «Weg vom Tierversuch!»,#ZAHL!,-2,2
375,5/17/1992,Beitritt zu den Institutionen von Bretton Woods,#ZAHL!,-1,1
376,5/17/1992,Gesetz über die Mitwirkung an den Institutionen von Bretton Woods,#ZAHL!,-1,1
377,5/17/1992,Gewässerschutzgesetz,#ZAHL!,-1,1
378,5/17/1992,Gewässerschutz-Initiative,#ZAHL!,-2,1
379,5/17/1992,Regelung der Fortpflanzungs- und Gentechnologie,#ZAHL!,-1,-1
380,5/17/1992,Zivildienst für Dienstverweigerer,82.5,-1,3
381,5/17/1992,Reform des Sexualstrafrechts,#ZAHL!,-1,2
382,9/27/1992,Alpentransit-Beschluss (NEAT),#ZAHL!,0,2
383,9/27/1992,Geschäftsverkehrsgesetz,#ZAHL!,0,2
384,9/27/1992,Entschädigungsgesetz,#ZAHL!,-1,1
385,9/27/1992,Infrastrukturgesetz,#ZAHL!,-1,1
386,9/27/1992,Gesetz über die Stempelabgaben,#ZAHL!,2,2
387,9/27/1992,Gesetz über das bäuerliche Bodenrecht,,-2,-2
388,12/6/1992,EWR-Beitritt,#ZAHL!,-1,2
389,3/7/1993,Erhöhung des Treibstoffzolls,#ZAHL!,-2,1
390,3/7/1993,Aufhebung des Spielbankenverbots,#ZAHL!,-1,2
391,3/7/1993,Initiative «zur Abschaffung der Tierversuche»,#ZAHL!,-3,2
392,6/6/1993,Waffenplatz-Initiative,44.7,-2,1
393,6/6/1993,Schweiz ohne neue Kampfflugzeuge,42.8,-2,1
394,9/26/1993,Bundesbeschluss gegen den Waffenmissbrauch,#ZAHL!,-1,-2
395,9/26/1993,Kantonswechsel des Laufentals zu Basel-Landschaft,#ZAHL!,0,1
396,9/26/1993,1.-August-Initiative,#ZAHL!,0,1
397,9/26/1993,Massnahmen geg. d. Kostensteig. in d. Krankenversicherung,80.5,1,-1
398,9/26/1993,Massnahmen in der Arbeitslosenversicherung,70.4,1,1
399,11/28/1993,Einführung der Mehrwertsteuer,#ZAHL!,-1,2
400,11/28/1993,Mehrwertsteuer-Satz 6;5%,#ZAHL!,-1,2
401,11/28/1993,Mehrwertsteuerprozent für die AHV,#ZAHL!,-1,2
402,11/28/1993,Bundesbeschluss über besondere Verbrauchssteuern,#ZAHL!,-1,2
403,11/28/1993,Initiative «zur Verminderung der Alkoholprobleme»,#ZAHL!,0,-3
404,11/28/1993,Initiative «zur Verminderung der Tabakprobleme»,#ZAHL!,0,-3
405,2/20/1994,Weiterführung Autobahnvignette,#ZAHL!,-1,1
406,2/20/1994,Weiterführung der Schwerverkehrsabgabe,72.2,-1,1
407,2/20/1994,Leistungsabhängige Schwerverkehrsabgabe,67.1,-1,1
408,2/20/1994,Alpen-Initiative,#ZAHL!,-2,1
409,2/20/1994,Luftfahrtgesetz,#ZAHL!,-1,1
410,6/12/1994,Kulturförderungsartikel,#ZAHL!,-2,-1
411,6/12/1994,Erleichterte Einbürgerung für junge Ausländer,#ZAHL!,-2,2
412,6/12/1994,UNO-Blauhelme,#ZAHL!,0,2
413,9/25/1994,Aufhebung der Brotgetreideverbilligung,#ZAHL!,-1,1
414,9/25/1994,Verbot der Rassendiskriminierung,#ZAHL!,-2,2
415,12/4/1994,Krankenversicherung (KVG),51.7,-1,1
416,12/4/1994,gesunde Krankenversicherung (Initiative),23.4,-2,-1
417,12/4/1994,Zwangsmassnahmen im Ausländerrecht,72.9,1,-1
418,3/12/1995,Landwirtschaftsartikel,#ZAHL!,-2,1
419,3/12/1995,Milchwirtschaftsbeschluss,#ZAHL!,1,2
420,3/12/1995,Landwirtschaftsgesetz,#ZAHL!,-1,1
421,3/12/1995,Ausgabenbremse,83.4,1,-1
422,6/25/1995,10. AHV-Revision,60.7,2,1
423,6/25/1995,Initiative f. den Ausbau von AHV und IV,27.6,-2,2
424,6/25/1995,Gesetz über den Erwerb von Grundstücken durch Personen im Ausland,#ZAHL!,-2,2
425,3/10/1996,Sprachenartikel,#ZAHL!,-2,-2
426,3/10/1996,Übertritt Vellerat zum Kanton Jura,#ZAHL!,0,1
427,3/10/1996,Zuständigkeit im Bereich der persönlichen militärischen Ausrüstung,#ZAHL!,-1,1
428,3/10/1996,Aufhebung der Pflicht zur Übernahme von Brennapparaten und Branntwein,#ZAHL!,-1,2
429,3/10/1996,Aufhebung der Beiträge an Bahnhofparkplätze,#ZAHL!,1,1
430,6/9/1996,Verfassungsartikel zur Landwirtschaft,#ZAHL!,-2,-1
431,6/9/1996,Regierungs- und Verwaltungsorganisationsgesetz,#ZAHL!,0,1
432,12/1/1996,Initiative «gegen die illegale Einwanderung»,#ZAHL!,2,-2
433,12/1/1996,Arbeitsgesetz,32.9,2,3
434,6/8/1997,Initiative «EU-Beitrittsverhandlungen vors Volk!»,#ZAHL!,2,1
435,6/8/1997,VI Verbot der Kriegsmaterialausfuhr,22.5,-1,3
436,6/8/1997,Aufhebung des Pulverregals,#ZAHL!,-1,2
437,9/28/1997,Finanzierung der ALV,49.2,2,1
438,9/28/1997,Initiative «Jugend ohne Drogen»,#ZAHL!,2,-3
439,6/7/1998,Massnahmen zum Haushaltausgleich,70.7,2,3
440,6/7/1998,«Gen-Schutz-Initiative»,#ZAHL!,1,-2
441,6/7/1998,"VI ""S.o.S. - Schweiz ohne Schnüffelpolizei""",24.6,-1,-1
442,9/27/1998,Leistungsabhängige Schwerverkehrsabgabe,57.2,-1,1
443,9/27/1998,Kleinbauern-Initiative,#ZAHL!,-2,2
444,9/27/1998,VI 10. AHV-Revision ohne Erhöhung des Rentenalters,41.5,-2,1
445,11/29/1998,Finanzierung des öffentlichen Verkehrs,63.4,-1,1
446,11/29/1998,Getreideartikel,#ZAHL!,0,2
447,11/29/1998,DroLeg-Initiative,26,-1,2
448,11/29/1998,Arbeitsgesetz (2. Anlauf),63.4,2,1
449,2/7/1999,Bundesbeschluss über die Wählbarkeit in den Bundesrat,#ZAHL!,0,1
450,2/7/1999,Verfassungsbestimmung über die Transplantationsmedizin,#ZAHL!,-1,2
451,2/7/1999,"VI ""Wohneigentum für alle""",41.3,1,1
452,2/7/1999,Raumplanungsgesetz,#ZAHL!,1,2
453,4/18/1999,Neue Bundesverfassung,#ZAHL!,0,2
454,6/13/1999,Asylgesetz (AsylG),70.6,1,1
455,6/13/1999,Dringliche Massnahmen im Asyl- und Ausländerbereich,70.9,1,2
456,6/13/1999,Bundesbeschluss über die ärztliche Verschreibung von Heroin,#ZAHL!,-1,1
457,6/13/1999,Abschaffung der IV-Viertelsrente,30.3,1,-2
458,6/13/1999,Mutterschaftsversicherung,38.9,-1,1
459,3/12/2000,Justizreform,#ZAHL!,-1,1
460,3/12/2000,Initiative «für die Beschleunigung der direkten Demokratie»,#ZAHL!,-1,1
461,3/12/2000,Gleichstellungsinitiative,17.9,-2,-2
462,3/12/2000,Initiative «für menschenwürdige Fortpflanzung»,#ZAHL!,2,-2
463,3/12/2000,Verkehrshalbierungs-Initiative,21.3,-1,1
464,5/21/2000,Bilaterale Abkommen mit der EU,#ZAHL!,-1,2
"465,1",9/24/2000,Solar-Initiative,31.8,-1,-2
"465,2",9/24/2000,Förderabgabe für erneuerbare Energien,#ZAHL!,-1,-1
"465,3",9/24/2000,Stichfrage zu Solarinitiative und Gegenentwurf,#ZAHL!,#ZAHL!,Nan
466,9/24/2000,Energielenkungsabgabe für die Umwelt,#ZAHL!,-2,-1
467,9/24/2000,Initiative «für eine Regelung der Zuwanderung»,#ZAHL!,3,-3
468,9/24/2000,Initiative für ein konstruktives Referendum,#ZAHL!,-2,1
469,11/26/2000,"VI ""Flexibilisierung der AHV - gegen Erhöhung des Rentenalters für Frauen""",39.4,-3,-2
470,11/26/2000,"VI ""flexibles Rentenalter ab 62 für Frau und Mann""",46,-3,1
471,11/26/2000,Umverteilungsinitiative,37.6,-2,1
472,11/26/2000,"VI ""für tiefere Spitalkosten""",17.9,-1,1
473,11/26/2000,Bundespersonalgesetz (BPG),66.8,2,1
474,3/4/2001,Initiative «Ja zu Europa!»,#ZAHL!,-1,2
475,3/4/2001,Initiative «für tiefere Arzneimittelpreise»,#ZAHL!,-2,2
476,3/4/2001,"VI ""Tempo 30""",20.3,-1,2
477,6/10/2001,Militärgesetz: Bewaffnung,#ZAHL!,2,-1
478,6/10/2001,Militärgesetz: Ausbildungszusammenarbeit,#ZAHL!,2,-1
479,6/10/2001,Aufhebung des Bistumsartikels,#ZAHL!,0,2
480,12/2/2001,Schuldenbremse,84.8,2,-1
481,12/2/2001,"VI ""Energie statt Arbeit besteuern""",22.8,-1,-1
482,12/2/2001,VI GSoA II,21.9,-2,2
483,12/2/2001,VI Ziviler Friedensdienst,23.2,-2,1
484,12/2/2001,VI Kapitalgewinnsteuer,34.1,-2,1
485,3/3/2002,Initiative für den UNO-Beitritt,#ZAHL!,-1,2
486,3/3/2002,VI 36-Stundenwoche,25.3,-2,-1
487,6/2/2002,Fristenregelung (Schwangerschaftsabbruch),#ZAHL!,-1,2
488,6/2/2002,Initiative «Für Mutter und Kind»,#ZAHL!,1,-3
"489,1",9/22/2002,«Goldinitiative»,#ZAHL!,-2,1
"489,2",9/22/2002,Gegenentwurf «Gold für AHV; Kantone und Stiftung»,#ZAHL!,-1,-1
"489,3",9/22/2002,Stichfrage zu Goldinitiative und Gegenentwurf,#ZAHL!,,
490,9/22/2002,Elektrizitätmarktgesetz,47.4,2,1
491,11/24/2002,Asyl-Initiative,50,1,-1
492,11/24/2002,Arbeitslosenversicherung,56.1,2,3
493,2/9/2003,Bundesbeschluss über die Änderung der Volksrechte,#ZAHL!,-2,2
494,2/9/2003,Gesetz über die kantonalen Beiträge an Spitalbehandlungen,#ZAHL!,-1,1
495,5/18/2003,Armee XXI,#ZAHL!,1,1
496,5/18/2003,Gesetz über den Zivilschutz,#ZAHL!,-1,2
497,5/18/2003,"VI ""Faire Mieten""",32.7,-2,1
498,5/18/2003,Initiative «Für einen autofreien Sonntag pro Jahreszeit»,#ZAHL!,-2,2
499,5/18/2003,Gesundheitsinitiative,27,-3,-2
500,5/18/2003,Behinderteninitiative,37.6,-3,1
501,5/18/2003,"VI ""Strom ohne Atom"" II",33.7,-1,1
502,5/18/2003,"VI ""MoratoriumPlus""",41.6,-1,1
503,5/18/2003,Lehrstellen-Initiative,31.6,-2,1
504,2/8/2004,Avanti-Gegenvorschlag,37,1,1
505,2/8/2004,Änderung des Mietrechts,35.8,2,3
506,2/8/2004,Initiative für eine lebenslange Verwahrung für gefährliche Straftäter,#ZAHL!,3,-3
507,5/16/2004,11. AHV-Revision,32,2,3
508,5/16/2004,Anhebung der Mehrwertsteuer zu Gunsten von AHV und IV,#ZAHL!,-1,2
509,5/16/2004,Steuerpaket,34.1,2,-2
510,9/26/2004,Erleichterte Einbürgerung von Jugendlichen der zweiten Generation,#ZAHL!,-1,2
511,9/26/2004,Bürgerrechtserwerb für die dritte Generation,#ZAHL!,-1,2
512,9/26/2004,"VI ""Postdienste für alle""",49.8,-2,-1
513,9/26/2004,Mutterschaftsversicherung,55.3,-1,1
514,11/28/2004,Neuer Finanzausgleich,64.3,1,-2
515,11/28/2004,Neue Finanzordnung,#ZAHL!,-1,-1
516,11/28/2004,Stammzellenforschungsgesetz,#ZAHL!,-1,2
517,6/5/2005,Abkommen zu Schengen und Dublin,#ZAHL!,-1,2
518,6/5/2005,Gesetz über die eingetragene Partnerschaft gleichgeschlechtlicher Paare,#ZAHL!,1,2
519,9/25/2005,Ausdehnung der Personenfreizügigkeit auf die neuen EU-Staaten,#ZAHL!,-2,2
520,11/27/2005,Initiative «für Lebensmittel aus gentechnikfreier Landwirtschaft»,#ZAHL!,-1,1
521,11/27/2005,Ladenöffnungszeiten an Bahnhöfen,50.5,2,1
522,5/21/2006,Neuordnung der Verfassungsbestimmungen zur Bildung,#ZAHL!,0,1
523,9/24/2006,Initiative «Nationalbankgewinne für die AHV»,#ZAHL!,-2,1
524,9/24/2006,Ausländergesetz (AuG),68,1,1
525,9/24/2006,Asylgesetz (AsylG),67.8,1,1
526,11/26/2006,Gesetz über die Zusammenarbeit mit den Staaten Osteuropas,#ZAHL!,2,1
527,11/26/2006,"Familienzulagengesetz, FamZG",67.9,-2,1
528,3/11/2007,VI 'Für eine soziale Einheitskrankenkasse',28.7,-3,-1
529,6/17/2007,Invalidenversicherung (IVG),59.1,1,-2
530,2/24/2008,VI 'Gegen Kampfjetlärm in Tourismusgebieten',31.9,-1,1
531,2/24/2008,Unternehmenssteuerreformgesetz II,50.5,3,1
532,6/1/2008,Initiative «Für demokratische Einbürgerungen»,#ZAHL!,3,-2
533,6/1/2008,Initiative «gegen Behördenprogaganda»,#ZAHL!,1,-3
534,6/1/2008,Gesundheitsartikel,30.4,1,3
535,11/30/2008,Initiative für die Unverjährbarkeit pornografischer Straftaten an Kindern,#ZAHL!,1,1
536,11/30/2008,VI 'flexibles AHV-Alter',41.4,-3,2
537,11/30/2008,VI 'Abschaffung Verbandsbeschwerde',34.1,2,-1
538,11/30/2008,Initiative «für eine vernünftige Hanf-Politik»,#ZAHL!,-2,3
539,11/30/2008,Betäubungsmittelgesetz,#ZAHL!,-2,1
540,2/8/2009,Weiterführung der Personenfreizügigkeit SchweizEU und Ausdehnung auf Bulgarien und Rumänien,#ZAHL!,-1,2
541,5/17/2009,Verfassungsartikel Komplementärmedizin,66.9,-1,1
542,5/17/2009,Biometrische Pässe,50,1,1
543,9/27/2009,MWST-Prozent für IV,54.4,-1,1
544,9/27/2009,Verzicht auf die Einführung der allgemeinen Volksinitiative,#ZAHL!,1,-2
545,11/29/2009,Spezialfinanzierung für Aufgaben im Luftverkehr,#ZAHL!,0,0
546,11/29/2009,IV 'Verbot Kriegsmaterial-Export',31.7,-2,3
547,11/29/2009,Initiative «Gegen den Bau von Minaretten»,#ZAHL!,3,-3
548,3/7/2010,Verfassungsartikel über die Forschung am Menschen,#ZAHL!,-1,1
549,3/7/2010,Tierschutzanwalt-Initiative,#ZAHL!,-2,2
550,3/7/2010,BVG-Mindestumwandlungssatz,27.1,2,3
551,9/26/2010,Arbeitslosenversicherungsgesetz,53.4,2,3
"552,1",11/28/2010,Ausschaffungsinitiative,#ZAHL!,3,-2
"552,2",11/28/2010,Gegenvorschlag zur Ausschaffungsinitiative,45.8,1,3
"552,3",11/28/2010,Stichfrage zu Ausschaffungsinitiative und Gegenentwurf,#ZAHL!,#ZAHL!,Nan
553,11/28/2010,Steuergerechtigkeits-Initiative,41.5,-3,-1
554,2/13/2011,VI Für den Schutz vor Waffengewalt,43.7,-2,1
555,3/11/2012,Zweitwohnungsinitiative,#ZAHL!,-1,1
556,3/11/2012,Wohneigentums-Initiative,44.2,1,1
557,3/11/2012,Ferien-Initiative,33.5,-3,-1
558,3/11/2012,Regelung der Geldspiele zugunsten gemeinnütziger Zwecke,#ZAHL!,2,1
559,3/11/2012,Buchpreisbindung,43.9,-1,-1
560,6/17/2012,Bauspar-Initiative,31.1,1,-1
561,6/17/2012,Initiative «Staatsverträge vors Volk!»,#ZAHL!,-1,2
562,6/17/2012,Managed-Care,24,2,3
563,9/23/2012,Jugendmusikförderung,72.7,-1,-2
564,9/23/2012,IV Sicheres Wohnen im Alter,47.4,1,-2
565,9/23/2012,Initiative «Schutz vor Passivrauchen»,#ZAHL!,-2,2
566,11/25/2012,Tierseuchengesetz,#ZAHL!,-1,-1
567,3/3/2013,Familienartikel,54.3,-1,-2
568,3/3/2013,Abzocker-Initiative,68,-1,1
569,3/3/2013,Raumplanungsgesetz,62.9,-1,1
570,6/9/2013,Initiative «Volkswahl des Bundesrates»,#ZAHL!,-1,2
571,6/9/2013,Dringliche Änderungen des Asylgesetzes,78.4,1,3
572,9/22/2013,Ja zur Aufhebung der Wehrpflicht,26.8,-2,2
573,9/22/2013,Epidemiengesetz,#ZAHL!,-2,-1
574,9/22/2013,Arbeitsgesetz,56.7,1,1
575,11/24/2013,1:12 - Für gerechte Löhne,34.7,-2,1
576,11/24/2013,«Familieninitiative»,#ZAHL!,-2,2
577,11/24/2013,Änderung des Nationalstrassenabgabegesetzes (Autobahnvignette),#ZAHL!,-1,-1
578,2/9/2014,FABI - Finanzierung und Ausbau der Eisenbahninfrastruktur,62,-1,-2
579,2/9/2014,Initiative «Abtreibungsfinanzierung ist Privatsache»,#ZAHL!,2,-2
580,2/9/2014,Initiative «Gegen Masseneinwanderung»,#ZAHL!,3,-2
581,5/18/2014,Bundesbeschluss über die medizinische Grundversorgung,#ZAHL!,-2,-2
582,5/18/2014,Initiative «Pädophile sollen nicht mehr mit Kindern arbeiten dürfen»,#ZAHL!,2,-2
583,5/18/2014,«Mindestlohn-Initiative»,#ZAHL!,-2,1
584,5/18/2014,Fonds zur Beschaffung des Kampfflugzeugs Gripen,#ZAHL!,2,0
585,9/28/2014,Initiative «Schluss mit der MwSt-Diskriminierung des Gastgewerbes!»,#ZAHL!,-1,1
586,9/28/2014,Initiative «Für eine öffentliche Krankenkasse»,#ZAHL!,-1,-3
587,11/30/2014,Initiative zur Abschaffung der Pauschalbesteuerung,#ZAHL!,-2,1
588,11/30/2014,Initiative «Stopp der Überbevölkerung  zur Sicherung der natürlichen Lebensgrundlagen»,#ZAHL!,3,-2
589,11/30/2014,Gold-Initiative,#ZAHL!,2,-3
590,3/8/2015,Initiative für steuerfreie Kinderzulagen,#ZAHL!,-2,1
591,3/8/2015,Initiative «Energie- statt Mehrwertsteuer»,#ZAHL!,-2,3
592,6/14/2015,Verfassungsbestimmung zur Fortpflanzungsmedizin und Gentechnologie im Humanbereich,#ZAHL!,-2,2
593,6/14/2015,Stipendieninitiative,#ZAHL!,0,-1
594,6/14/2015,Initiative «Millionen-Erbschaften besteuern für unsere AHV»,#ZAHL!,-2,1
595,6/14/2015,Radio- und Fernsehgesetz (Radio- und Fernsehabgabe),#ZAHL!,-1,1
596,2/28/2016,Initiative «gegen die Heiratsstrafe»,#ZAHL!,-2,0
597,2/28/2016,«Durchsetzungsinitiative»,#ZAHL!,3,-2
598,2/28/2016,Initiative «Keine Spekulation mit Nahrungsmitteln!»,#ZAHL!,-2,-2
599,2/28/2016,Sanierung Gotthard-Strassentunnel,#ZAHL!,0,2
600,6/5/2016,Initiative «Pro Service public»,#ZAHL!,-2,2
601,6/5/2016,Initiative «Für ein bedingungsloses Grundeinkommen»,#ZAHL!,-3,3
602,6/5/2016,Initiative «Für eine faire Verkehrsfinanzierung»,#ZAHL!,2,-2
603,6/5/2016,Fortpflanzungsmedizingesetz,#ZAHL!,-1,2
604,6/5/2016,Asylgesetz,#ZAHL!,-2,1
605,9/25/2016,Initiative «Grüne Wirtschaft»,#ZAHL!,-2,2
606,9/25/2016,Initiative «AHVplus: für eine starke AHV»,#ZAHL!,-2,1
607,9/25/2016,Nachrichtendienstgesetz,#ZAHL!,2,2
608,11/27/2016,Atomausstiegsinitiative,#ZAHL!,-2,2
609,2/12/2017,Erleichterte Einbürgerung der dritten Ausländergeneration,#ZAHL!,-2,2
610,2/12/2017,Fonds für die Nationalstrassen und den Agglomerationsverkehr (NAF),#ZAHL!,-2,-2
611,2/12/2017,Unternehmenssteuerreform III,#ZAHL!,1,2
612,5/21/2017,Energiegesetz,#ZAHL!,-2,1
613,9/24/2017,Bundesbeschluss über die Ernährungssicherheit,#ZAHL!,1,-2
614,9/24/2017,Zusatzfinanzierung der AHV durch eine Erhöhung der Mehrwertsteuer,#ZAHL!,-2,1
615,9/24/2017,Reform der Altersvorsorge 2020,#ZAHL!,0,2
616,3/4/2018,Neue Finanzordnung 2021,#ZAHL!,0,1
617,3/4/2018,Initiative «Abschaffung der Billag-Gebühren»,#ZAHL!,2,3
618,6/10/2018,Vollgeld-Initiative,#ZAHL!,2,-2
619,6/10/2018,Geldspielgesetz,#ZAHL!,1,1
620,9/23/2018,Bundesbeschluss über die Velowege sowie die Fuss- und Wanderwege,#ZAHL!,2,1
621,9/23/2018,Fair-Food-Initiative,#ZAHL!,2,1
622,9/23/2018,Initiative «Für Ernährungssouveränität»,#ZAHL!,-1,-2
623,11/25/2018,Hornkuh-Initiative,#ZAHL!,2,0
624,11/25/2018,Selbstbestimmungsinitiative,#ZAHL!,2,-2
625,11/25/2018,Gesetzliche Grundlage für die Überwachung von Versicherten,#ZAHL!,2,-1
626,2/10/2019,Zersiedelungsinitiative,#ZAHL!,2,-2
627,5/19/2019,Steuerreform und AHV-Finanzierung (STAF),#ZAHL!,2,0
628,5/19/2019,Umsetzung der EU-Waffenrichtlinie,#ZAHL!,2,1
629,2/9/2020,Initiative «Mehr bezahlbare Wohnungen»,#ZAHL!,2,1
630,2/9/2020,Verbot der Diskriminierung aufgrund der sexuellen Orientierung,#ZAHL!,-1,2
631,9/27/2020,Begrenzungsinitiative,#ZAHL!,3,-3
632,9/27/2020,Jagdgesetz,#ZAHL!,1,-1
633,9/27/2020,Erhöhung der steuerlichen Kinderabzüge,#ZAHL!,-1,1
634,9/27/2020,Vaterschaftsurlaub,#ZAHL!,-1,2
635,9/27/2020,Beschaffung neuer Kampfflugzeuge,#ZAHL!,3,-1
636,11/29/2020,Konzernverantwortungsinitiative,#ZAHL!,-3,2
637,11/29/2020,«Kriegsgeschäfte-Initiative»,#ZAHL!,-2,2
638,3/7/2021,Initiative für ein Verhüllungsverbot,#ZAHL!,3,-2
639,3/7/2021,Gesetz über elektronische Identifizierungsdienste,#ZAHL!,0,2
640,3/7/2021,Freihandelsabkommen mit Indonesien,#ZAHL!,0,2
641,6/13/2021,Trinkwasserinitiative,#ZAHL!,-3,2
642,6/13/2021,Pestizidinitiative,#ZAHL!,-2,2
643,6/13/2021,Covid-19-Gesetz,#ZAHL!,-2,3
644,6/13/2021,CO2-Gesetz,#ZAHL!,-2,3
645,6/13/2021,Gesetz über polizeiliche Massnahmen gegen Terrorismus,#ZAHL!,2,-1
646,9/26/2021,«99%-Initiative»,#ZAHL!,-3,0
647,9/26/2021,Ehe für alle,#ZAHL!,-2,2
648,11/28/2021,Pflegeinitiative,#ZAHL!,-2,2
649,11/28/2021,Justizinitiative,#ZAHL!,-2,2
650,11/28/2021,Änderung des Covid-19-Gesetzes,#ZAHL!,-2,2
651,2/13/2022,Initiative für ein Verbot von Tier- und Menschenversuchen,#ZAHL!,-2,2
652,2/13/2022,Initiative «Kinder und Jugendliche ohne Tabakwerbung»,#ZAHL!,-2,-2
653,2/13/2022,Gesetz über die Stempelabgaben,#ZAHL!,-1,2
654,2/13/2022,Medienpaket,#ZAHL!,-1,-2