anr;datum;titel_kurz;ja_proz;li_re;kons_prog
56;20.05.1900;"Gesetz zur Kranken-; Unfall- und Militärversicherung";#ZAHL!;#ZAHL!;Nan
57;04.11.1900;Initiative «für die Proporzwahl des Nationalrates»;#ZAHL!;#ZAHL!;Nan
58;04.11.1900;Initiative für die Volkswahl des Bundesrates;#ZAHL!;#ZAHL!;Nan
59;23.11.1902;Unterstützung der Primarschule durch den Bund;#ZAHL!;#ZAHL!;Nan
60;15.03.1903;Zolltarifgesetz;#ZAHL!;#ZAHL!;Nan
61;25.10.1903;Bundesstrafrecht (Anstiftung Militärpflichtiger zu Verbrechen);#ZAHL!;#ZAHL!;Nan
62;25.10.1903;Initiative «für die Wahl des Nationalrates aufgrund der Schweizer Wohnbevölkerung»;#ZAHL!;#ZAHL!;Nan
63;25.10.1903;Artikel über die Regulierung des Alkoholhandels;#ZAHL!;#ZAHL!;Nan
64;19.03.1905;Ausdehnung des Erfinderschutzes;#ZAHL!;#ZAHL!;Nan
65;10.06.1906;Lebensmittelgesetz;#ZAHL!;#ZAHL!;Nan
66;03.11.1907;Militärorganisation der schweizerischen Eidgenossenschaft;#ZAHL!;#ZAHL!;Nan
67;05.07.1908;Verfassungsartikel zur Gesetzgebung über das Gewerbewesen;#ZAHL!;#ZAHL!;Nan
68;05.07.1908;Initiative «für ein Absinthverbot»;#ZAHL!;#ZAHL!;Nan
69;25.10.1908;Verfassungsartikel über die Wasserkraft und Elektrizität;#ZAHL!;#ZAHL!;Nan
70;23.10.1910;Initiative «für die Proporzwahl des Nationalrates»;#ZAHL!;#ZAHL!;Nan
71;04.02.1912;Kranken- und Unfallversicherungsgesetz;#ZAHL!;#ZAHL!;Nan
72;04.05.1913;Bekämpfung menschlicher und tierischer Krankheiten;#ZAHL!;#ZAHL!;Nan
73;25.10.1914;Schaffung eines Verwaltungsgerichts;#ZAHL!;#ZAHL!;Nan
74;06.06.1915;Verfassungsgrundlage für eine einmalige Kriegssteuer;#ZAHL!;#ZAHL!;Nan
75;13.05.1917;Stempelabgaben;#ZAHL!;#ZAHL!;Nan
76;02.06.1918;Initiative für eine direkte Bundessteuer;#ZAHL!;#ZAHL!;Nan
77;13.10.1918;Initiative «für die Proporzwahl des Nationalrates»;#ZAHL!;#ZAHL!;Nan
78;04.05.1919;Artikel über die Schifffahrt;#ZAHL!;#ZAHL!;Nan
79;04.05.1919;Verfassungsgrundlage für eine ausserordentliche Kriegssteuer;#ZAHL!;#ZAHL!;Nan
80;10.08.1919;Übergangsbestimmungen für vorgezogene Wahlen in den National- und Bundesrat;#ZAHL!;#ZAHL!;Nan
81;21.03.1920;Gesetz zur Ordnung des Arbeitsverhältnisses;#ZAHL!;#ZAHL!;Nan
82.1;21.03.1920;Initiative für ein Verbot der Spielbanken;#ZAHL!;#ZAHL!;Nan
82.2;21.03.1920;Gegenentwurf zur Initiative für ein Verbot der Spielbanken;#ZAHL!;#ZAHL!;Nan
83;16.05.1920;Beitritt zum Völkerbund;#ZAHL!;#ZAHL!;Nan
84;31.10.1920;Gesetz zur Arbeitszeit bei den Eisenbahnen;#ZAHL!;#ZAHL!;Nan
85;30.01.1921;Initiative für ein Staatsvertragsreferendum;#ZAHL!;#ZAHL!;Nan
86;30.01.1921;Initiative «für die Aufhebung der Militärjustiz»;#ZAHL!;#ZAHL!;Nan
87;22.05.1921;Artikel über den Automobil- und Fahrradverkehr;#ZAHL!;#ZAHL!;Nan
88;22.05.1921;Artikel über die Luftschiffahrt;#ZAHL!;#ZAHL!;Nan
89;11.06.1922;Initiative «betreffend die Erlangung des Schweizerbürgerrechts»;#ZAHL!;#ZAHL!;Nan
90;11.06.1922;Initiative «betreffend die Ausweisung von Ausländern»;#ZAHL!;#ZAHL!;Nan
91;11.06.1922;Initiative «betreffend die Wählbarkeit der Bundesbeamten in den Nationalrat»;#ZAHL!;#ZAHL!;Nan
92;24.09.1922;Strafrechtsrevision (innere Sicherheit und bedingter Strafvollzug);#ZAHL!;#ZAHL!;Nan
93;03.12.1922;Initiative für eine einmalige Vermögensabgabe;#ZAHL!;#ZAHL!;Nan
94;18.02.1923;Schutzhaft-Initiative;#ZAHL!;#ZAHL!;Nan
95;18.02.1923;Abkommen mit Frankreich betreffend Hochsavoyen;#ZAHL!;#ZAHL!;Nan
96;15.04.1923;Zollinitiative;#ZAHL!;#ZAHL!;Nan
97;03.06.1923;Bundesbeschluss zum Alkoholwesen;#ZAHL!;#ZAHL!;Nan
98;17.02.1924;Fabrikgesetz;#ZAHL!;#ZAHL!;Nan
99;24.05.1925;Initiative für eine AHV/IV;#ZAHL!;#ZAHL!;Nan
100;25.10.1925;Beschluss betreffend Aufenthalt und Niederlassung der Ausländer;#ZAHL!;#ZAHL!;Nan
101;06.12.1925;Bundesbeschluss betreffend eine AHV/IV;#ZAHL!;#ZAHL!;Nan
102;05.12.1926;Artikel zur Getreideversorgung;#ZAHL!;#ZAHL!;Nan
103;15.05.1927;Entschädigung an Kantone für Alpenstrassen;#ZAHL!;#ZAHL!;Nan
104;15.05.1927;Gesetz über den Automobil- und Fahrradverkehr;#ZAHL!;#ZAHL!;Nan
105;20.05.1928;Massnahmen gegen die Überfremdung;#ZAHL!;#ZAHL!;Nan
106;02.12.1928;Initiative für die Erhaltung der Kursäle;#ZAHL!;#ZAHL!;Nan
107.1;03.03.1929;Initiative zur Getreideversorgung;#ZAHL!;#ZAHL!;Nan
107.2;03.03.1929;Gegenentwurf zur Initiative zur Getreideversorgung;#ZAHL!;#ZAHL!;Nan
108;03.03.1929;Zolltarifgesetz;#ZAHL!;#ZAHL!;Nan
109;12.05.1929;Initiative «betreffend die Gesetzgebung über den Strassenverkehr»;#ZAHL!;#ZAHL!;Nan
110;12.05.1929;Initiative «für ein Branntweinverbot»;#ZAHL!;#ZAHL!;Nan
111;06.04.1930;Neuregelung des Alkoholwesens;#ZAHL!;#ZAHL!;Nan
112;08.02.1931;Ordensverbot;#ZAHL!;#ZAHL!;Nan
113;15.03.1931;Beschluss über die Mitgliederzahl des Nationalrates;#ZAHL!;#ZAHL!;Nan
114;15.03.1931;"Amtsdauer des Nationalrats; des Bundesrats und des Bundeskanzlers";#ZAHL!;#ZAHL!;Nan
115;06.12.1931;Gesetz über die AHV;#ZAHL!;#ZAHL!;Nan
116;06.12.1931;Gesetz über die Besteuerung des Tabaks;#ZAHL!;#ZAHL!;Nan
117;28.05.1933;Gesetz zur Herabsetzung der Löhne des Bundespersonals;#ZAHL!;#ZAHL!;Nan
118;11.03.1934;Gesetz über den Schutz der öffentlichen Ordnung;#ZAHL!;#ZAHL!;Nan
119;24.02.1935;Neuordnung der militärischen Ausbildung;#ZAHL!;#ZAHL!;Nan
120;05.05.1935;Verkehrsteilungsgesetz;#ZAHL!;#ZAHL!;Nan
121;02.06.1935;Initiative «zur Bekämpfung der Wirtschaftskrise»;#ZAHL!;#ZAHL!;Nan
122;08.09.1935;Initiative für eine Totalrevision der Bundesverfassung;#ZAHL!;#ZAHL!;Nan
123;28.11.1937;Initiative «für ein Verbot der Freimaurerei»;#ZAHL!;#ZAHL!;Nan
124;20.02.1938;Anerkennung des Rätoromanischen als Nationalsprache;#ZAHL!;#ZAHL!;Nan
125;20.02.1938;Initiative zur Beschränkung der Dringlichkeitsklausel;#ZAHL!;#ZAHL!;Nan
126.1;20.02.1938;Initiative «Private Rüstungsindustrie»;#ZAHL!;#ZAHL!;Nan
126.2;20.02.1938;Gegenentwurf zur Initiative «Private Rüstungsindustrie»;#ZAHL!;#ZAHL!;Nan
127;03.07.1938;Schweizerisches Strafgesetzbuch;#ZAHL!;#ZAHL!;Nan
128;27.11.1938;Übergangsordnung des Finanzhaushalts;#ZAHL!;#ZAHL!;Nan
129;22.01.1939;Initiative für eine Erweiterung der Verfassungsgerichtsbarkeit;#ZAHL!;#ZAHL!;Nan
130;22.01.1939;Beschluss betreffend eine Einschränkung der Dringlichkeitsklausel;#ZAHL!;#ZAHL!;Nan
131;04.06.1939;Bundesbeschluss zum Ausbau der Landesverteidigung und zur Bekämpfung der Arbeitslosigkeit;#ZAHL!;#ZAHL!;Nan
132;03.12.1939;Dienstverhältnis und Versicherung des Bundespersonals;#ZAHL!;#ZAHL!;Nan
133;01.12.1940;Einführung des obligatorischen militärischen Vorunterrichts;#ZAHL!;#ZAHL!;Nan
134;09.03.1941;Initiative «zur Neuordnung des Alkoholwesens»;#ZAHL!;#ZAHL!;Nan
135;25.01.1942;Initiative für die Wahl des Bundesrates durch das Volk;#ZAHL!;#ZAHL!;Nan
136;03.05.1942;Initiative «für die Reorganisation des Nationalrates»;#ZAHL!;#ZAHL!;Nan
137;29.10.1944;Gesetz über den unlauteren Wettbewerb;#ZAHL!;#ZAHL!;Nan
138;21.01.1945;Gesetz über die Bundesbahnen;#ZAHL!;#ZAHL!;Nan
139;25.11.1945;Gegenentwurf zur Volksinitiative «Für die Familie»;#ZAHL!;#ZAHL!;Nan
140;10.02.1946;Bundesbeschluss für eine Gütertransportordnung;#ZAHL!;#ZAHL!;Nan
141;08.12.1946;Initiative «Recht auf Arbeit»;#ZAHL!;#ZAHL!;Nan
142;18.05.1947;Initiative «Wirtschaftsreform und Rechte der Arbeit»;#ZAHL!;#ZAHL!;Nan
143;06.07.1947;Revision der Wirtschaftsartikel;#ZAHL!;#ZAHL!;Nan
144;06.07.1947;Gesetz über die AHV;#ZAHL!;#ZAHL!;Nan
145;14.03.1948;Ordnung der Zuckerwirtschaft;#ZAHL!;#ZAHL!;Nan
146;22.05.1949;Nationalbank-Artikel;#ZAHL!;#ZAHL!;Nan
147;22.05.1949;Gesetz zur Bekämpfung der Tuberkulose;#ZAHL!;#ZAHL!;Nan
148;11.09.1949;Initiative «für die Rückkehr zur direkten Demokratie»;#ZAHL!;#ZAHL!;Nan
149;11.12.1949;Gesetz über das Dienstverhältnis der Bundesbeamten;#ZAHL!;#ZAHL!;Nan
150;29.01.1950;Massnahmen zur Förderung der Wohnbautätigkeit;#ZAHL!;#ZAHL!;Nan
151;04.06.1950;Neuordnung des Finanzhaushalts;#ZAHL!;#ZAHL!;Nan
152;01.10.1950;Initiative zur «Verhinderung der Spekulation»;#ZAHL!;#ZAHL!;Nan
153;03.12.1950;Beschluss über die Mitgliederzahl des Nationalrates;#ZAHL!;#ZAHL!;Nan
154;03.12.1950;Finanzordnung 1951 bis 1954;#ZAHL!;#ZAHL!;Nan
155;25.02.1951;Autotransportordnung;#ZAHL!;#ZAHL!;Nan
156.1;15.04.1951;Freigeld-Initiative;#ZAHL!;#ZAHL!;Nan
156.2;15.04.1951;Gegenentwurf zur «Freigeldinitiative»;#ZAHL!;#ZAHL!;Nan
157;08.07.1951;Initiative für einen Beitrag der öffentlichen Unternehmungen an die Kosten der Landesverteidigung;#ZAHL!;#ZAHL!;Nan
158;02.03.1952;Verlängerung der Bewilligungspflicht für Gasthöfe;#ZAHL!;#ZAHL!;Nan
159;30.03.1952;Landwirtschaftsgesetz;#ZAHL!;#ZAHL!;Nan
160;20.04.1952;Warenumsatzsteuer-Initiative;#ZAHL!;#ZAHL!;Nan
161;18.05.1952;Initiative «zur Rüstungsfinanzierung und zum Schutze der sozialen Errungenschaften»;#ZAHL!;#ZAHL!;Nan
162;06.07.1952;Bundesbeschluss über die Deckung der Rüstungsausgaben;#ZAHL!;#ZAHL!;Nan
163;05.10.1952;Tabakzölle und Tabakkontingentierung;#ZAHL!;#ZAHL!;Nan
164;05.10.1952;Bundesbeschluss über den Einbau von Luftschutzräumen;#ZAHL!;#ZAHL!;Nan
165;23.11.1952;Befristete Weiterführung der Preiskontrolle;#ZAHL!;#ZAHL!;Nan
166;23.11.1952;Beschluss zur Brotgetreideversorgung des Landes;#ZAHL!;#ZAHL!;Nan
167;19.04.1953;Postverkehrsgesetz;#ZAHL!;#ZAHL!;Nan
168;06.12.1953;Neuordnung des Finanzhaushalts;#ZAHL!;#ZAHL!;Nan
169;06.12.1953;Verfassungsartikel über den Schutz der Gewässer ;#ZAHL!;#ZAHL!;Nan
170;20.06.1954;Bundesbeschluss über Fähigkeitsausweise;#ZAHL!;#ZAHL!;Nan
171;20.06.1954;Hilfe an kriegsgeschädigte Auslandschweizer;#ZAHL!;#ZAHL!;Nan
172;24.10.1954;Finanzordnung 1955 bis 1958;#ZAHL!;#ZAHL!;Nan
173;05.12.1954;Initiative zum Schutz der Stromlandschaft Rheinau;#ZAHL!;#ZAHL!;Nan
174.1;13.03.1955;Mieter- und Konsumentenschutzinitiative;#ZAHL!;#ZAHL!;Nan
174.2;13.03.1955;Gegenentwurf zur Mieter- und Konsumentenschutzinitiative;#ZAHL!;#ZAHL!;Nan
175;04.03.1956;Befristete Weiterführung einer beschränkten Preiskontrolle;#ZAHL!;#ZAHL!;Nan
176;13.05.1956;Initiative zur Erweiterung der Volksrechte bei Wasserrechtskonzessionen;#ZAHL!;#ZAHL!;Nan
177;13.05.1956;Gewährung einer Hilfe an die Holzverzuckerungs-AG Graubünden;#ZAHL!;#ZAHL!;Nan
178;30.09.1956;Revision der Brotgetreideordnung ;#ZAHL!;#ZAHL!;Nan
179;30.09.1956;Beschluss betreffend Ausgabenbeschlüsse der Bundesversammlung;#ZAHL!;#ZAHL!;Nan
180;03.03.1957;Zivilschutzartikel;#ZAHL!;#ZAHL!;Nan
181;03.03.1957;Verfassungsartikel betreffend Rundspruch und Fernsehen;#ZAHL!;#ZAHL!;Nan
182;24.11.1957;Verfassungsartikel zu Atomenergie und Strahlenschutz;#ZAHL!;#ZAHL!;Nan
183;24.11.1957;Beschluss zur Brotgetreideversorgung des Landes;#ZAHL!;#ZAHL!;Nan
184;26.01.1958;Initiative «gegen den Missbrauch wirtschaftlicher Macht»;#ZAHL!;#ZAHL!;Nan
185;11.05.1958;Neuordnung des Finanzhaushalts;#ZAHL!;#ZAHL!;Nan
186;06.07.1958;Verfassungsartikel zum Filmwesen;#ZAHL!;#ZAHL!;Nan
187;06.07.1958;Bundesbeschluss über die Verbesserung des Strassennetzes;#ZAHL!;#ZAHL!;Nan
188;26.10.1958;Initiative «zur Einführung der 44-Stunden-Woche»;#ZAHL!;#ZAHL!;Nan
189;07.12.1958;Erhöhung des Höchsteinsatzes bei Kursaalspielen;#ZAHL!;#ZAHL!;Nan
190;07.12.1958;Abkommen mit Italien zur Wasserkraft des Spöl;#ZAHL!;#ZAHL!;Nan
191;01.02.1959;Einführung des Frauenstimmrechts;#ZAHL!;#ZAHL!;Nan
192;24.05.1959;Zivilschutzartikel;#ZAHL!;#ZAHL!;Nan
193;29.05.1960;Weiterführung befristeter Preiskontrollmassnahmen;#ZAHL!;#ZAHL!;Nan
194;04.12.1960;Massnahmen für die Milchwirtschaft;#ZAHL!;#ZAHL!;Nan
195;05.03.1961;Artikel betreffend Leitungsanlagen für Treibstoffe;#ZAHL!;#ZAHL!;Nan
196;05.03.1961;Treibstoffzoll zur Finanzierung der Nationalstrassen;#ZAHL!;#ZAHL!;Nan
197;22.10.1961;Volksinitiative zur Einführung der Gesetzesinitiative;#ZAHL!;#ZAHL!;Nan
198;03.12.1961;Uhrenstatut;#ZAHL!;#ZAHL!;Nan
199;01.04.1962;Initiative «für ein Verbot der Atomwaffen»;#ZAHL!;#ZAHL!;Nan
200;27.05.1962;Natur- und Heimatschutz-Artikel;#ZAHL!;#ZAHL!;Nan
201;27.05.1962;Gesetz über die Taggelder des Nationalrates;#ZAHL!;#ZAHL!;Nan
202;04.11.1962;Festsetzung der Mitgliederzahl des Nationalrates;#ZAHL!;#ZAHL!;Nan
203;26.05.1963;Initiative für ein Referendum gegen Atomwaffen;#ZAHL!;#ZAHL!;Nan
204;08.12.1963;Weiterführung der Finanzordnung ;#ZAHL!;#ZAHL!;Nan
205;08.12.1963;Artikel über Stipendien und Ausbildungsbeihilfen;#ZAHL!;#ZAHL!;Nan
206;02.02.1964;Erlass einer allgemeinen Steueramnestie;#ZAHL!;#ZAHL!;Nan
207;24.05.1964;Berufsbildungsgesetz;#ZAHL!;#ZAHL!;Nan
208;06.12.1964;Weiterführung befristeter Preiskontrollmassnahmen;#ZAHL!;#ZAHL!;Nan
209;28.02.1965;Bekämpfung der Teuerung durch Massnahmen im Kreditwesen;#ZAHL!;#ZAHL!;Nan
210;28.02.1965;Bekämpfung der Teuerung durch Massnahmen in der Bauwirtschaft;#ZAHL!;#ZAHL!;Nan
211;16.05.1965;Milchbeschluss;#ZAHL!;#ZAHL!;Nan
212;16.10.1966;Auslandschweizer-Artikel;#ZAHL!;#ZAHL!;Nan
213;16.10.1966;Initiative «zur Bekämpfung des Alkoholismus»;#ZAHL!;#ZAHL!;Nan
214;02.07.1967;Initiative «gegen die Bodenspekulation»;#ZAHL!;#ZAHL!;Nan
215;18.02.1968;Erlass einer allgemeinen Steueramnestie;#ZAHL!;#ZAHL!;Nan
216;19.05.1968;Gesetz über die Tabakbesteuerung;#ZAHL!;#ZAHL!;Nan
217;01.06.1969;Gesetz über die Eidgenössischen Technischen Hochschulen;#ZAHL!;#ZAHL!;Nan
218;14.09.1969;Verfassungsrechtliche Ordnung des Bodenrechts;#ZAHL!;#ZAHL!;Nan
219;01.02.1970;Bundesbeschluss über die inländische Zuckerwirtschaft;#ZAHL!;#ZAHL!;Nan
220;07.06.1970;Initiative «Gegen die Überfremdung»;#ZAHL!;#ZAHL!;Nan
221;27.09.1970;Verfassungsartikel zur Förderung von Turnen und Sport;#ZAHL!;#ZAHL!;Nan
222;27.09.1970;Initiative «Recht auf Wohnung und Ausbau des Familienschutzes»;#ZAHL!;#ZAHL!;Nan
223;15.11.1970;Änderung der Finanzordnung;#ZAHL!;#ZAHL!;Nan
224;07.02.1971;Einführung des Frauenstimmrechts;#ZAHL!;#ZAHL!;Nan
225;06.06.1971;Umweltschutzartikel;#ZAHL!;#ZAHL!;Nan
226;06.06.1971;Weiterführung der Finanzordnung;#ZAHL!;#ZAHL!;Nan
227.1;05.03.1972;Initiative «zur Förderung des Wohnungsbaues»;#ZAHL!;#ZAHL!;Nan
227.2;05.03.1972;Gegenentwurf zur Wohnungsbau-Initiative;#ZAHL!;#ZAHL!;Nan
228;05.03.1972;Verfassungsartikel über den Mieterschutz und die Allgemeinverbindlicherklärung von Mietverträgen;#ZAHL!;#ZAHL!;Nan
229;04.06.1972;Massnahmen zur Stabilisierung des Baumarktes;#ZAHL!;#ZAHL!;Nan
230;04.06.1972;Bundesbeschluss über den Schutz der Währung;#ZAHL!;#ZAHL!;Nan
231;24.09.1972;Initiative für ein Waffenausfuhrverbot;#ZAHL!;#ZAHL!;Nan
232.1;03.12.1972;Initiative zur Einführung einer Volkspension;#ZAHL!;#ZAHL!;Nan
232.2;03.12.1972;Gegenentwurf zur Initiative zur Einführung einer Volkspension;#ZAHL!;#ZAHL!;Nan
233;03.12.1972;Abkommen mit der EWG;#ZAHL!;#ZAHL!;Nan
234;04.03.1973;Bildungsartikel;#ZAHL!;#ZAHL!;Nan
235;04.03.1973;Verfassungsartikel zur wissenschaftlichen Forschung;#ZAHL!;#ZAHL!;Nan
236;20.05.1973;Aufhebung des Jesuiten- und des Klosterartikels;#ZAHL!;#ZAHL!;Nan
237;02.12.1973;Massnahmen zur Preisüberwachung;#ZAHL!;#ZAHL!;Nan
238;02.12.1973;Massnahmen auf dem Gebiet des Kreditwesens;#ZAHL!;#ZAHL!;Nan
239;02.12.1973;Massnahmen zur Stabilisierung des Baumarktes;#ZAHL!;#ZAHL!;Nan
240;02.12.1973;Einschränkung der steuerwirksamen Abschreibungen;#ZAHL!;#ZAHL!;Nan
241;02.12.1973;Tierschutzartikel ;#ZAHL!;#ZAHL!;Nan
242;20.10.1974;Initiative «Gegen die Überfremdung»;#ZAHL!;#ZAHL!;Nan
243;08.12.1974;Verbesserung des Bundeshaushalts;#ZAHL!;#ZAHL!;Nan
244;08.12.1974;Erschwerung von Ausgabenbeschlüssen;#ZAHL!;#ZAHL!;Nan
245.1;08.12.1974;Initiative «für eine soziale Krankenversicherung»;#ZAHL!;#ZAHL!;Nan
245.2;08.12.1974;Bundesbeschluss über die soziale Krankenversicherung (Gegenentwurf);#ZAHL!;#ZAHL!;Nan
246;02.03.1975;Konjunkturartikel;#ZAHL!;#ZAHL!;Nan
247;08.06.1975;Bundesbeschluss über den Schutz der Währung;#ZAHL!;#ZAHL!;Nan
248;08.06.1975;Bundesbeschluss über die Finanzierung der Nationalstrassen;#ZAHL!;#ZAHL!;Nan
249;08.06.1975;Änderung des Generalzolltarifs;#ZAHL!;#ZAHL!;Nan
250;08.06.1975;Bundesbeschluss zur Erhöhung der Steuereinnahmen;#ZAHL!;#ZAHL!;Nan
251;08.06.1975;Erschwerung von Ausgabenbeschlüssen;#ZAHL!;#ZAHL!;Nan
252;07.12.1975;Reform der Niederlassungsfreiheit und Unterstützungsregelung;#ZAHL!;#ZAHL!;Nan
253;07.12.1975;Verfassungsbestimmungen zur Wasserwirtschaft;#ZAHL!;#ZAHL!;Nan
254;07.12.1975;Gesetz über die Ein- und Ausfuhr von Landwirtschaftserzeugnissen;#ZAHL!;#ZAHL!;Nan
255.1;21.03.1976;Initiative «für die Mitbestimmung der Arbeitnehmer»;#ZAHL!;#ZAHL!;Nan
255.2;21.03.1976;Gegenentwurf zur Mitbestimmungsinitiative;#ZAHL!;#ZAHL!;Nan
256;21.03.1976;Initiative «für eine Reform des Steuerwesens»;#ZAHL!;#ZAHL!;Nan
257;13.06.1976;Raumplanungsgesetz;#ZAHL!;#ZAHL!;Nan
258;13.06.1976;Darlehen an die Internationale Entwicklungsorganisation;#ZAHL!;#ZAHL!;Nan
259;13.06.1976;Neukonzeption der Arbeitslosenversicherung;#ZAHL!;#ZAHL!;Nan
260;26.09.1976;Radio- und Fernsehartikel;#ZAHL!;#ZAHL!;Nan
261;26.09.1976;Initiative für eine Haftpflichtversicherung für Motorfahrzeuge und Fahrräder;#ZAHL!;#ZAHL!;Nan
262;05.12.1976;Bundesbeschluss über die Geld- und Kreditpolitik;#ZAHL!;#ZAHL!;Nan
263;05.12.1976;Bundesbeschluss über die Preisüberwachung;#ZAHL!;#ZAHL!;Nan
264;05.12.1976;Initiative «für die Einführung der 40-Stunden-Woche»;#ZAHL!;#ZAHL!;Nan
265;13.03.1977;Vierte «Überfremdungsinitiative»;#ZAHL!;#ZAHL!;Nan
266;13.03.1977;Initiative «für eine Beschränkung der Einbürgerungen»;#ZAHL!;#ZAHL!;Nan
267.1;13.03.1977;Initiative zur Neuordnung des Staatsvertragsreferendums;#ZAHL!;#ZAHL!;Nan
267.2;13.03.1977;Neuordnung des Staatsvertragsreferendums (Gegenentwurf);#ZAHL!;#ZAHL!;Nan
268;12.06.1977;Neuordnung der Umsatzsteuer und der direkten Bundessteuer;#ZAHL!;#ZAHL!;Nan
269;12.06.1977;Bundesbeschluss über die Steuerharmonisierung;#ZAHL!;#ZAHL!;Nan
270.1;25.09.1977;Mieterschutzinitiative;#ZAHL!;#ZAHL!;Nan
270.2;25.09.1977;Gegenentwurf zur Mieterschutzinitiative;#ZAHL!;#ZAHL!;Nan
271;25.09.1977;Initiative «gegen die Luftverschmutzung durch Motorfahrzeuge»;#ZAHL!;#ZAHL!;Nan
272;25.09.1977;Erhöhung der Unterschriftenzahl für das Referendum;#ZAHL!;#ZAHL!;Nan
273;25.09.1977;Erhöhung der Unterschriftenzahl für die Verfassungsinitiative;#ZAHL!;#ZAHL!;Nan
274;25.09.1977;Initiative «für die Fristenlösung»;#ZAHL!;#ZAHL!;Nan
275;04.12.1977;«Reichtumssteuer-Initiative»;#ZAHL!;#ZAHL!;Nan
276;04.12.1977;Bundesgesetz über die politischen Rechte;#ZAHL!;#ZAHL!;Nan
277;04.12.1977;Einführung eines zivilen Ersatzdienstes;#ZAHL!;#ZAHL!;Nan
278;04.12.1977;Massnahmen zum Ausgleich des Bundeshaushaltes;#ZAHL!;#ZAHL!;Nan
279;26.02.1978;Initiative für mehr Mitbestimmung im Nationalstrassenbau;#ZAHL!;#ZAHL!;Nan
280;26.02.1978;9. AHV-Revision;#ZAHL!;#ZAHL!;Nan
281;26.02.1978;Initiative zur Herabsetzung des AHV-Alters;#ZAHL!;#ZAHL!;Nan
282;26.02.1978;Konjunkturartikel;#ZAHL!;#ZAHL!;Nan
283;28.05.1978;Zeitgesetz (Sommerzeit);#ZAHL!;#ZAHL!;Nan
284;28.05.1978;Zolltarifgesetz (Brotpreis);#ZAHL!;#ZAHL!;Nan
285;28.05.1978;Gesetz über den Schwangerschaftsabbruch;#ZAHL!;#ZAHL!;Nan
286;28.05.1978;Gesetz über die Hochschulförderung;#ZAHL!;#ZAHL!;Nan
287;28.05.1978;Initiative für 12 autofreie Sonntage pro Jahr;#ZAHL!;#ZAHL!;Nan
288;24.09.1978;Bundesbeschluss über die Gründung des Kantons Jura;#ZAHL!;#ZAHL!;Nan
289;03.12.1978;Milchwirtschaftsbeschluss;#ZAHL!;#ZAHL!;Nan
290;03.12.1978;Tierschutzgesetz ;#ZAHL!;#ZAHL!;Nan
291;03.12.1978;Sicherheitspolizeigesetz;#ZAHL!;#ZAHL!;Nan
292;03.12.1978;Berufsbildungsgesetz;#ZAHL!;#ZAHL!;Nan
293;18.02.1979;Stimm- und Wahlrecht für 18-Jährige;#ZAHL!;#ZAHL!;Nan
294;18.02.1979;Bundesbeschluss über die Fuss- und Wanderwege;#ZAHL!;#ZAHL!;Nan
295;18.02.1979;Initiative «gegen Suchtmittelreklame»;#ZAHL!;#ZAHL!;Nan
296;18.02.1979;Atominitiative;#ZAHL!;#ZAHL!;Nan
297;20.05.1979;Neuordnung der Umsatzsteuer und der direkten Bundessteuer;#ZAHL!;#ZAHL!;Nan
298;20.05.1979;Atomgesetz;#ZAHL!;#ZAHL!;Nan
299;02.03.1980;Initiative zur «vollständigen Trennung von Kirche und Staat»;#ZAHL!;#ZAHL!;Nan
300;02.03.1980;Neuordnung der Landesversorgung;#ZAHL!;#ZAHL!;Nan
301;30.11.1980;Gurten- und Schutzhelmobligatorium;#ZAHL!;#ZAHL!;Nan
302;30.11.1980;Aufhebung des Kantonsanteils an den Stempelabgaben;#ZAHL!;#ZAHL!;Nan
303;30.11.1980;Abbau des Kantonsanteils an den Alkoholeinnahmen ;#ZAHL!;#ZAHL!;Nan
304;30.11.1980;Revision der Brotgetreideordnung;#ZAHL!;#ZAHL!;Nan
305;05.04.1981;Initiative «für eine neue Ausländerpolitik»;#ZAHL!;#ZAHL!;Nan
306;14.06.1981;Artikel zur Gleichstellung von Mann und Frau;#ZAHL!;#ZAHL!;Nan
307;14.06.1981;zur Absicherung der Rechte der Konsumenten;65.5;-1;3
308;29.11.1981;Weiterführung der Finanzordnung;#ZAHL!;#ZAHL!;Nan
309;06.06.1982;Strafgesetz (Gewaltverbrechen);63.7;1;1
310;06.06.1982;Ausländergesetz;#ZAHL!;#ZAHL!;Nan
311.1;28.11.1982;Verhinderung missbräuchlicher Preise;57.9;-1;1
311.2;28.11.1982;Verhinderung missbräuchlicher Preise (Gegenentwurf);24.8;1;2
312;27.02.1983;Neuregelung der Treibstoffzölle;#ZAHL!;#ZAHL!;Nan
313;27.02.1983;Energieartikel;#ZAHL!;#ZAHL!;Nan
314;04.12.1983;Reform der Bürgerrechtsregelung in der Bundesverfassung;#ZAHL!;#ZAHL!;Nan
315;04.12.1983;Bundesbeschluss über die Erleichterung gewisser Einbürgerungen;#ZAHL!;#ZAHL!;Nan
316;26.02.1984;Schwerverkehrsabgabe;58.7;-1;3
317;26.02.1984;Einführung der Autobahnvignette;#ZAHL!;#ZAHL!;Nan
318;26.02.1984;Zivildienst auf der Grundlage des Tatbeweises;36.2;-1;-1
319;20.05.1984;Banken-Initiative;27;-1;1
320;20.05.1984;Initiative «Gegen den Ausverkauf der Heimat»;#ZAHL!;#ZAHL!;Nan
321;23.09.1984;Zukunft ohne weitere Atomkraftwerke;45;-1;1
322;23.09.1984;sichere, sparsame und umweltgerechte Energieversorgung;45.8;-1;1
323;02.12.1984;Mutterschaftsversicherung;15.8;-1;1
324;02.12.1984;Radio- und Fernsehartikel;#ZAHL!;#ZAHL!;Nan
325;02.12.1984;Bundesbeschluss über die Entschädigung der Opfer von Gewaltverbrechen;#ZAHL!;#ZAHL!;Nan
326;10.03.1985;Aufhebung der Bundesbeiträge für den Primarschulunterricht;#ZAHL!;#ZAHL!;Nan
327;10.03.1985;Aufhebung der Beitragspflicht des Bundes im Gesundheitswesen;#ZAHL!;#ZAHL!;Nan
328;10.03.1985;Neuregelung der Ausbildungsbeiträge;47.6;1;-3
329;10.03.1985;Verlängerung der bezahlten Ferien;34.8;-2;1
330;09.06.1985;Initiative «Recht auf Leben»;#ZAHL!;#ZAHL!;Nan
331;09.06.1985;Aufhebung des Kantonsanteils an den Stempelabgaben;#ZAHL!;#ZAHL!;Nan
332;09.06.1985;Neuverteilung der Erträge aus der Alkoholabgabe;#ZAHL!;#ZAHL!;Nan
333;09.06.1985;Aufhebung der Unterstützung für die Selbstversorgung mit Brotgetreide;#ZAHL!;#ZAHL!;Nan
334;22.09.1985;Bundesbeschluss zur Koordination des Schuljahresbeginns;#ZAHL!;#ZAHL!;Nan
335;22.09.1985;Innovationsrisikogarantie;43.1;-1;1
336;22.09.1985;Neues Ehe- und Erbrecht;#ZAHL!;#ZAHL!;Nan
337;01.12.1985;Initiative «für die Abschaffung der Vivisektion»;#ZAHL!;#ZAHL!;Nan
338;16.03.1986;UNO-Beitritt;#ZAHL!;#ZAHL!;Nan
339.1;28.09.1986;Eidgenössische 'Kulturinitiative';18.1;-1;1
339.2;28.09.1986;Gegenentwurf zur Kulturinitiative;#ZAHL!;#ZAHL!;Nan
340;28.09.1986;Lehrwerkstätten-Initiative;18.4;-1;2
341;28.09.1986;Bundesbeschluss über die Zuckerwirtschaft;#ZAHL!;#ZAHL!;Nan
342;07.12.1986;Mieterschutz (Gegenvorschlag);64.4;-1;3
343;07.12.1986;Schwerverkehrsabgabe (Initiative);33.9;-1;2
344;05.04.1987;Asylgesetz (Verfahrensstraffung);67.3;1;-3
345;05.04.1987;Ausländergesetz;#ZAHL!;#ZAHL!;Nan
346;05.04.1987;Rüstungsreferendum;40.6;-1;1
347;05.04.1987;Abstimmungsverfahren bei Volksinitiativen mit Gegenentwurf;#ZAHL!;#ZAHL!;Nan
348;06.12.1987;BAHN 2000;57;-1;1
349;06.12.1987;Kranken- und Mutterschaftsversicherung;28.7;-1;1
350;06.12.1987;Rothenthurm-Initiative;57.8;-1;1
351;12.06.1988;Verfassungsgrundlagen für eine koordinierte Verkehrspolitik;#ZAHL!;#ZAHL!;Nan
352;12.06.1988;Herabsetzung des AHV-Rentenalters;35.1;-2;1
353;04.12.1988;Stadt-Land-Initiative gegen die Bodenspekulation;30.8;-1;2
354;04.12.1988;40-Stunden-Woche;34.3;-2;1
355;04.12.1988;Initiative «für die Begrenzung der Einwanderung»;#ZAHL!;#ZAHL!;Nan
356;04.06.1989;Kleinbauern-Initiative;#ZAHL!;#ZAHL!;Nan
357;26.11.1989;Schweiz ohne Armee und umfassende Friedenspolitik;35.6;-2;1
358;26.11.1989;Initiative «pro Tempo 130/100»;#ZAHL!;#ZAHL!;Nan
359;01.04.1990;Initiative «für eine Begrenzung des Strassenbaus»;#ZAHL!;#ZAHL!;Nan
360;01.04.1990;Initiative «für eine autobahnfreie Landschaft zwischen Murten und Yverdon»;#ZAHL!;#ZAHL!;Nan
361;01.04.1990;Initiative «für ein autobahnfreies Knonauer Amt»;#ZAHL!;#ZAHL!;Nan
362;01.04.1990;Initiative für eine freie Aarelandschaft zwischen Biel und Solothurn;#ZAHL!;#ZAHL!;Nan
363;01.04.1990;Rebbaubeschluss;#ZAHL!;#ZAHL!;Nan
364;01.04.1990;Gesetz über die Organisation der Bundesrechtspflege;#ZAHL!;#ZAHL!;Nan
365;23.09.1990;für den Ausstieg aus der Atomenergie;47.1;-1;1
366;23.09.1990;Stopp dem Atomkraftwerkbau (Moratorium);54.5;-1;1
367;23.09.1990;Energieartikel in der Bundesverfassung;71.1;-1;1
368;23.09.1990;Strassenverkehrsgesetz;#ZAHL!;#ZAHL!;Nan
369;03.03.1991;Herabsetzung des Stimmrechtsalters auf 18 Jahre;#ZAHL!;#ZAHL!;Nan
370;03.03.1991;Förderung des öffentlichen Verkehrs;37.1;-1;-1
371;02.06.1991;Neuordnung der Bundesfinanzen (Einführung Mehrwertsteuer);#ZAHL!;#ZAHL!;Nan
372;02.06.1991;Militärstrafgesetz;#ZAHL!;#ZAHL!;Nan
373;16.02.1992;«Krankenkassen-Initiative»;#ZAHL!;#ZAHL!;Nan
374;16.02.1992;Initiative «Weg vom Tierversuch!»;#ZAHL!;#ZAHL!;Nan
375;17.05.1992;Beitritt zu den Institutionen von Bretton Woods;#ZAHL!;#ZAHL!;Nan
376;17.05.1992;Gesetz über die Mitwirkung an den Institutionen von Bretton Woods;#ZAHL!;#ZAHL!;Nan
377;17.05.1992;Gewässerschutzgesetz;#ZAHL!;#ZAHL!;Nan
378;17.05.1992;Gewässerschutz-Initiative;#ZAHL!;#ZAHL!;Nan
379;17.05.1992;Regelung der Fortpflanzungs- und Gentechnologie;#ZAHL!;#ZAHL!;Nan
380;17.05.1992;Zivildienst für Dienstverweigerer;82.5;-1;3
381;17.05.1992;Reform des Sexualstrafrechts;#ZAHL!;#ZAHL!;Nan
382;27.09.1992;Alpentransit-Beschluss (NEAT);#ZAHL!;#ZAHL!;Nan
383;27.09.1992;Geschäftsverkehrsgesetz;#ZAHL!;#ZAHL!;Nan
384;27.09.1992;Entschädigungsgesetz;#ZAHL!;#ZAHL!;Nan
385;27.09.1992;Infrastrukturgesetz;#ZAHL!;#ZAHL!;Nan
386;27.09.1992;Gesetz über die Stempelabgaben;#ZAHL!;#ZAHL!;Nan
387;27.09.1992;Gesetz über das bäuerliche Bodenrecht;#ZAHL!;#ZAHL!;Nan
388;06.12.1992;EWR-Beitritt;#ZAHL!;#ZAHL!;Nan
389;07.03.1993;Erhöhung des Treibstoffzolls;#ZAHL!;#ZAHL!;Nan
390;07.03.1993;Aufhebung des Spielbankenverbots;#ZAHL!;#ZAHL!;Nan
391;07.03.1993;Initiative «zur Abschaffung der Tierversuche»;#ZAHL!;#ZAHL!;Nan
392;06.06.1993;Waffenplatz-Initiative;44.7;-2;1
393;06.06.1993;Schweiz ohne neue Kampfflugzeuge;42.8;-2;1
394;26.09.1993;Bundesbeschluss gegen den Waffenmissbrauch;#ZAHL!;#ZAHL!;Nan
395;26.09.1993;Kantonswechsel des Laufentals zu Basel-Landschaft;#ZAHL!;#ZAHL!;Nan
396;26.09.1993;1.-August-Initiative;#ZAHL!;#ZAHL!;Nan
397;26.09.1993;Massnahmen geg. d. Kostensteig. in d. Krankenversicherung;80.5;1;-1
398;26.09.1993;Massnahmen in der Arbeitslosenversicherung;70.4;1;1
399;28.11.1993;Einführung der Mehrwertsteuer;#ZAHL!;#ZAHL!;Nan
400;28.11.1993;"Mehrwertsteuer-Satz 6;5%";#ZAHL!;#ZAHL!;Nan
401;28.11.1993;Mehrwertsteuerprozent für die AHV;#ZAHL!;#ZAHL!;Nan
402;28.11.1993;Bundesbeschluss über besondere Verbrauchssteuern;#ZAHL!;#ZAHL!;Nan
403;28.11.1993;Initiative «zur Verminderung der Alkoholprobleme»;#ZAHL!;#ZAHL!;Nan
404;28.11.1993;Initiative «zur Verminderung der Tabakprobleme»;#ZAHL!;#ZAHL!;Nan
405;20.02.1994;Weiterführung Autobahnvignette;#ZAHL!;#ZAHL!;Nan
406;20.02.1994;Weiterführung der Schwerverkehrsabgabe;72.2;-1;1
407;20.02.1994;Leistungsabhängige Schwerverkehrsabgabe;67.1;-1;1
408;20.02.1994;Alpen-Initiative;#ZAHL!;#ZAHL!;Nan
409;20.02.1994;Luftfahrtgesetz;#ZAHL!;#ZAHL!;Nan
410;12.06.1994;Kulturförderungsartikel;#ZAHL!;#ZAHL!;Nan
411;12.06.1994;Erleichterte Einbürgerung für junge Ausländer;#ZAHL!;#ZAHL!;Nan
412;12.06.1994;UNO-Blauhelme;#ZAHL!;#ZAHL!;Nan
413;25.09.1994;Aufhebung der Brotgetreideverbilligung;#ZAHL!;#ZAHL!;Nan
414;25.09.1994;Verbot der Rassendiskriminierung;#ZAHL!;#ZAHL!;Nan
415;04.12.1994;Krankenversicherung (KVG);51.7;-1;1
416;04.12.1994;gesunde Krankenversicherung (Initiative);23.4;-2;-1
417;04.12.1994;Zwangsmassnahmen im Ausländerrecht;72.9;1;-1
418;12.03.1995;Landwirtschaftsartikel;#ZAHL!;#ZAHL!;Nan
419;12.03.1995;Milchwirtschaftsbeschluss;#ZAHL!;#ZAHL!;Nan
420;12.03.1995;Landwirtschaftsgesetz;#ZAHL!;#ZAHL!;Nan
421;12.03.1995;Ausgabenbremse;83.4;1;-1
422;25.06.1995;10. AHV-Revision;60.7;2;1
423;25.06.1995;Initiative f. den Ausbau von AHV und IV;27.6;-2;2
424;25.06.1995;Gesetz über den Erwerb von Grundstücken durch Personen im Ausland;#ZAHL!;#ZAHL!;Nan
425;10.03.1996;Sprachenartikel;#ZAHL!;#ZAHL!;Nan
426;10.03.1996;Übertritt Vellerat zum Kanton Jura;#ZAHL!;#ZAHL!;Nan
427;10.03.1996;Zuständigkeit im Bereich der persönlichen militärischen Ausrüstung;#ZAHL!;#ZAHL!;Nan
428;10.03.1996;Aufhebung der Pflicht zur Übernahme von Brennapparaten und Branntwein;#ZAHL!;#ZAHL!;Nan
429;10.03.1996;Aufhebung der Beiträge an Bahnhofparkplätze;#ZAHL!;#ZAHL!;Nan
430;09.06.1996;Verfassungsartikel zur Landwirtschaft;#ZAHL!;#ZAHL!;Nan
431;09.06.1996;Regierungs- und Verwaltungsorganisationsgesetz;#ZAHL!;#ZAHL!;Nan
432;01.12.1996;Initiative «gegen die illegale Einwanderung»;#ZAHL!;#ZAHL!;Nan
433;01.12.1996;Arbeitsgesetz;32.9;2;3
434;08.06.1997;Initiative «EU-Beitrittsverhandlungen vors Volk!»;#ZAHL!;#ZAHL!;Nan
435;08.06.1997;VI Verbot der Kriegsmaterialausfuhr;22.5;-1;3
436;08.06.1997;Aufhebung des Pulverregals;#ZAHL!;#ZAHL!;Nan
437;28.09.1997;Finanzierung der ALV;49.2;2;1
438;28.09.1997;Initiative «Jugend ohne Drogen»;#ZAHL!;#ZAHL!;Nan
439;07.06.1998;Massnahmen zum Haushaltausgleich;70.7;2;3
440;07.06.1998;«Gen-Schutz-Initiative»;#ZAHL!;#ZAHL!;Nan
441;07.06.1998;"VI ""S.o.S. - Schweiz ohne Schnüffelpolizei""";24.6;-1;-1
442;27.09.1998;Leistungsabhängige Schwerverkehrsabgabe;57.2;-1;1
443;27.09.1998;Kleinbauern-Initiative;#ZAHL!;#ZAHL!;Nan
444;27.09.1998;VI 10. AHV-Revision ohne Erhöhung des Rentenalters;41.5;-2;1
445;29.11.1998;Finanzierung des öffentlichen Verkehrs;63.4;-1;1
446;29.11.1998;Getreideartikel;#ZAHL!;#ZAHL!;Nan
447;29.11.1998;DroLeg-Initiative;26;-1;1
448;29.11.1998;Arbeitsgesetz (2. Anlauf);63.4;2;1
449;07.02.1999;Bundesbeschluss über die Wählbarkeit in den Bundesrat;#ZAHL!;#ZAHL!;Nan
450;07.02.1999;Verfassungsbestimmung über die Transplantationsmedizin;#ZAHL!;#ZAHL!;Nan
451;07.02.1999;"VI ""Wohneigentum für alle""";41.3;1;1
452;07.02.1999;Raumplanungsgesetz;#ZAHL!;#ZAHL!;Nan
453;18.04.1999;Neue Bundesverfassung;#ZAHL!;#ZAHL!;Nan
454;13.06.1999;Asylgesetz (AsylG);70.6;1;1
455;13.06.1999;Dringliche Massnahmen im Asyl- und Ausländerbereich;70.9;1;2
456;13.06.1999;Bundesbeschluss über die ärztliche Verschreibung von Heroin;#ZAHL!;#ZAHL!;Nan
457;13.06.1999;Abschaffung der IV-Viertelsrente;30.3;1;-2
458;13.06.1999;Mutterschaftsversicherung;38.9;-1;1
459;12.03.2000;Justizreform;#ZAHL!;#ZAHL!;Nan
460;12.03.2000;Initiative «für die Beschleunigung der direkten Demokratie»;#ZAHL!;#ZAHL!;Nan
461;12.03.2000;Gleichstellungsinitiative;17.9;-1;-2
462;12.03.2000;Initiative «für menschenwürdige Fortpflanzung»;#ZAHL!;#ZAHL!;Nan
463;12.03.2000;Verkehrshalbierungs-Initiative;21.3;-1;1
464;21.05.2000;Bilaterale Abkommen mit der EU;#ZAHL!;#ZAHL!;Nan
465.1;24.09.2000;Solar-Initiative;31.8;-1;-2
465.2;24.09.2000;Förderabgabe für erneuerbare Energien;#ZAHL!;#ZAHL!;Nan
465.3;24.09.2000;Stichfrage zu Solarinitiative und Gegenentwurf;#ZAHL!;#ZAHL!;Nan
466;24.09.2000;Energielenkungsabgabe für die Umwelt;#ZAHL!;#ZAHL!;Nan
467;24.09.2000;Initiative «für eine Regelung der Zuwanderung»;#ZAHL!;#ZAHL!;Nan
468;24.09.2000;Initiative für ein konstruktives Referendum;#ZAHL!;#ZAHL!;Nan
469;26.11.2000;"VI ""Flexibilisierung der AHV - gegen Erhöhung des Rentenalters für Frauen""";39.4;-3;-2
470;26.11.2000;"VI ""flexibles Rentenalter ab 62 für Frau und Mann""";46;-3;1
471;26.11.2000;Umverteilungsinitiative;37.6;-2;1
472;26.11.2000;"VI ""für tiefere Spitalkosten""";17.9;-1;1
473;26.11.2000;Bundespersonalgesetz (BPG);66.8;2;1
474;04.03.2001;Initiative «Ja zu Europa!»;#ZAHL!;#ZAHL!;Nan
475;04.03.2001;Initiative «für tiefere Arzneimittelpreise»;#ZAHL!;#ZAHL!;Nan
476;04.03.2001;"VI ""Tempo 30""";20.3;-1;2
477;10.06.2001;Militärgesetz: Bewaffnung;#ZAHL!;#ZAHL!;Nan
478;10.06.2001;Militärgesetz: Ausbildungszusammenarbeit;#ZAHL!;#ZAHL!;Nan
479;10.06.2001;Aufhebung des Bistumsartikels;#ZAHL!;#ZAHL!;Nan
480;02.12.2001;Schuldenbremse;84.8;2;-1
481;02.12.2001;"VI ""Energie statt Arbeit besteuern""";22.8;-1;-1
482;02.12.2001;VI GSoA II;21.9;-2;2
483;02.12.2001;VI Ziviler Friedensdienst;23.2;-2;1
484;02.12.2001;VI Kapitalgewinnsteuer;34.1;-2;1
485;03.03.2002;Initiative für den UNO-Beitritt;#ZAHL!;#ZAHL!;Nan
486;03.03.2002;VI 36-Stundenwoche;25.3;-2;-1
487;02.06.2002;Fristenregelung (Schwangerschaftsabbruch);#ZAHL!;#ZAHL!;Nan
488;02.06.2002;Initiative «Für Mutter und Kind»;#ZAHL!;#ZAHL!;Nan
489.1;22.09.2002;«Goldinitiative»;#ZAHL!;#ZAHL!;Nan
489.2;22.09.2002;"Gegenentwurf «Gold für AHV; Kantone und Stiftung»";#ZAHL!;#ZAHL!;Nan
489.3;22.09.2002;Stichfrage zu Goldinitiative und Gegenentwurf;#ZAHL!;#ZAHL!;Nan
490;22.09.2002;Elektrizitätmarktgesetz;47.4;2;1
491;24.11.2002;Asyl-Initiative;50;1;-1
492;24.11.2002;Arbeitslosenversicherung;56.1;2;3
493;09.02.2003;Bundesbeschluss über die Änderung der Volksrechte;#ZAHL!;#ZAHL!;Nan
494;09.02.2003;Gesetz über die kantonalen Beiträge an Spitalbehandlungen;#ZAHL!;#ZAHL!;Nan
495;18.05.2003;Armee XXI;#ZAHL!;#ZAHL!;Nan
496;18.05.2003;Gesetz über den Zivilschutz;#ZAHL!;#ZAHL!;Nan
497;18.05.2003;"VI ""Faire Mieten""";32.7;-2;1
498;18.05.2003;Initiative «Für einen autofreien Sonntag pro Jahreszeit»;#ZAHL!;#ZAHL!;Nan
499;18.05.2003;Gesundheitsinitiative;27;-3;-2
500;18.05.2003;Behinderteninitiative;37.6;-3;1
501;18.05.2003;"VI ""Strom ohne Atom"" II";33.7;-1;1
502;18.05.2003;"VI ""MoratoriumPlus""";41.6;-1;1
503;18.05.2003;Lehrstellen-Initiative;31.6;-2;1
504;08.02.2004;Avanti-Gegenvorschlag;37;1;1
505;08.02.2004;Änderung des Mietrechts;35.8;2;3
506;08.02.2004;Initiative für eine lebenslange Verwahrung für gefährliche Straftäter;#ZAHL!;#ZAHL!;Nan
507;16.05.2004;11. AHV-Revision;32;2;3
508;16.05.2004;Anhebung der Mehrwertsteuer zu Gunsten von AHV und IV;#ZAHL!;#ZAHL!;Nan
509;16.05.2004;Steuerpaket;34.1;2;-2
510;26.09.2004;Erleichterte Einbürgerung von Jugendlichen der zweiten Generation;#ZAHL!;#ZAHL!;Nan
511;26.09.2004;Bürgerrechtserwerb für die dritte Generation;#ZAHL!;#ZAHL!;Nan
512;26.09.2004;"VI ""Postdienste für alle""";49.8;-2;-1
513;26.09.2004;Mutterschaftsversicherung;55.3;-1;1
514;28.11.2004;Neuer Finanzausgleich;64.3;1;-2
515;28.11.2004;Neue Finanzordnung;#ZAHL!;#ZAHL!;Nan
516;28.11.2004;Stammzellenforschungsgesetz;#ZAHL!;#ZAHL!;Nan
517;05.06.2005;Abkommen zu Schengen und Dublin;#ZAHL!;#ZAHL!;Nan
518;05.06.2005;Gesetz über die eingetragene Partnerschaft gleichgeschlechtlicher Paare;#ZAHL!;#ZAHL!;Nan
519;25.09.2005;Ausdehnung der Personenfreizügigkeit auf die neuen EU-Staaten;#ZAHL!;#ZAHL!;Nan
520;27.11.2005;Initiative «für Lebensmittel aus gentechnikfreier Landwirtschaft»;#ZAHL!;#ZAHL!;Nan
521;27.11.2005;Ladenöffnungszeiten an Bahnhöfen;50.5;2;1
522;21.05.2006;Neuordnung der Verfassungsbestimmungen zur Bildung;#ZAHL!;#ZAHL!;Nan
523;24.09.2006;Initiative «Nationalbankgewinne für die AHV»;#ZAHL!;#ZAHL!;Nan
524;24.09.2006;Ausländergesetz (AuG);68;1;1
525;24.09.2006;Asylgesetz (AsylG);67.8;1;1
526;26.11.2006;Gesetz über die Zusammenarbeit mit den Staaten Osteuropas;#ZAHL!;#ZAHL!;Nan
527;26.11.2006;Familienzulagengesetz, FamZG;67.9;-2;1
528;11.03.2007;VI 'Für eine soziale Einheitskrankenkasse';28.7;-3;-1
529;17.06.2007;Invalidenversicherung (IVG);59.1;1;-2
530;24.02.2008;VI 'Gegen Kampfjetlärm in Tourismusgebieten';31.9;-1;1
531;24.02.2008;Unternehmenssteuerreformgesetz II;50.5;3;1
532;01.06.2008;Initiative «Für demokratische Einbürgerungen»;#ZAHL!;#ZAHL!;Nan
533;01.06.2008;Initiative «gegen Behördenprogaganda»;#ZAHL!;#ZAHL!;Nan
534;01.06.2008;Gesundheitsartikel;30.4;1;3
535;30.11.2008;Initiative für die Unverjährbarkeit pornografischer Straftaten an Kindern;#ZAHL!;#ZAHL!;Nan
536;30.11.2008;VI 'flexibles AHV-Alter';41.4;-3;2
537;30.11.2008;VI 'Abschaffung Verbandsbeschwerde';34.1;2;-1
538;30.11.2008;Initiative «für eine vernünftige Hanf-Politik»;#ZAHL!;#ZAHL!;Nan
539;30.11.2008;Betäubungsmittelgesetz;#ZAHL!;#ZAHL!;Nan
540;08.02.2009;Weiterführung der Personenfreizügigkeit SchweizEU und Ausdehnung auf Bulgarien und Rumänien;#ZAHL!;#ZAHL!;Nan
541;17.05.2009;Verfassungsartikel Komplementärmedizin;66.9;-1;1
542;17.05.2009;Biometrische Pässe;50;1;1
543;27.09.2009;MWST-Prozent für IV;54.4;-1;1
544;27.09.2009;Verzicht auf die Einführung der allgemeinen Volksinitiative;#ZAHL!;#ZAHL!;Nan
545;29.11.2009;Spezialfinanzierung für Aufgaben im Luftverkehr;#ZAHL!;#ZAHL!;Nan
546;29.11.2009;IV 'Verbot Kriegsmaterial-Export';31.7;-2;3
547;29.11.2009;Initiative «Gegen den Bau von Minaretten»;#ZAHL!;#ZAHL!;Nan
548;07.03.2010;Verfassungsartikel über die Forschung am Menschen;#ZAHL!;#ZAHL!;Nan
549;07.03.2010;Tierschutzanwalt-Initiative;#ZAHL!;#ZAHL!;Nan
550;07.03.2010;BVG-Mindestumwandlungssatz;27.1;2;3
551;26.09.2010;Arbeitslosenversicherungsgesetz;53.4;2;3
552.1;28.11.2010;Ausschaffungsinitiative;#ZAHL!;#ZAHL!;Nan
552.2;28.11.2010;Gegenvorschlag zur Ausschaffungsinitiative;45.8;1;3
552.3;28.11.2010;Stichfrage zu Ausschaffungsinitiative und Gegenentwurf;#ZAHL!;#ZAHL!;Nan
553;28.11.2010;Steuergerechtigkeits-Initiative;41.5;-3;-1
554;13.02.2011;VI Für den Schutz vor Waffengewalt;43.7;-2;1
555;11.03.2012;Zweitwohnungsinitiative;#ZAHL!;#ZAHL!;Nan
556;11.03.2012;Wohneigentums-Initiative;44.2;1;1
557;11.03.2012;Ferien-Initiative;33.5;-3;-1
558;11.03.2012;Regelung der Geldspiele zugunsten gemeinnütziger Zwecke;#ZAHL!;#ZAHL!;Nan
559;11.03.2012;Buchpreisbindung;43.9;-1;-1
560;17.06.2012;Bauspar-Initiative;31.1;1;-1
561;17.06.2012;Initiative «Staatsverträge vors Volk!»;#ZAHL!;#ZAHL!;Nan
562;17.06.2012;Managed-Care;24;2;3
563;23.09.2012;Jugendmusikförderung;72.7;-1;-2
564;23.09.2012;IV Sicheres Wohnen im Alter;47.4;1;-2
565;23.09.2012;Initiative «Schutz vor Passivrauchen»;#ZAHL!;#ZAHL!;Nan
566;25.11.2012;Tierseuchengesetz;#ZAHL!;#ZAHL!;Nan
567;03.03.2013;Familienartikel;54.3;-1;-2
568;03.03.2013;Abzocker-Initiative;68;-1;1
569;03.03.2013;Raumplanungsgesetz;62.9;-1;1
570;09.06.2013;Initiative «Volkswahl des Bundesrates»;#ZAHL!;#ZAHL!;Nan
571;09.06.2013;Dringliche Änderungen des Asylgesetzes;78.4;1;3
572;22.09.2013;Ja zur Aufhebung der Wehrpflicht;26.8;-1;1
573;22.09.2013;Epidemiengesetz;#ZAHL!;#ZAHL!;Nan
574;22.09.2013;Arbeitsgesetz;56.7;1;1
575;24.11.2013;1:12 - Für gerechte Löhne;34.7;-2;1
576;24.11.2013;«Familieninitiative»;#ZAHL!;#ZAHL!;Nan
577;24.11.2013;Änderung des Nationalstrassenabgabegesetzes (Autobahnvignette);#ZAHL!;#ZAHL!;Nan
578;09.02.2014;FABI - Finanzierung und Ausbau der Eisenbahninfrastruktur;62;-1;-3
579;09.02.2014;Initiative «Abtreibungsfinanzierung ist Privatsache»;#ZAHL!;#ZAHL!;Nan
580;09.02.2014;Initiative «Gegen Masseneinwanderung»;#ZAHL!;#ZAHL!;Nan
581;18.05.2014;Bundesbeschluss über die medizinische Grundversorgung;#ZAHL!;#ZAHL!;Nan
582;18.05.2014;Initiative «Pädophile sollen nicht mehr mit Kindern arbeiten dürfen»;#ZAHL!;#ZAHL!;Nan
583;18.05.2014;«Mindestlohn-Initiative»;#ZAHL!;#ZAHL!;Nan
584;18.05.2014;Fonds zur Beschaffung des Kampfflugzeugs Gripen;#ZAHL!;#ZAHL!;Nan
585;28.09.2014;Initiative «Schluss mit der MwSt-Diskriminierung des Gastgewerbes!»;#ZAHL!;#ZAHL!;Nan
586;28.09.2014;Initiative «Für eine öffentliche Krankenkasse»;#ZAHL!;#ZAHL!;Nan
587;30.11.2014;Initiative zur Abschaffung der Pauschalbesteuerung;#ZAHL!;#ZAHL!;Nan
588;30.11.2014;Initiative «Stopp der Überbevölkerung  zur Sicherung der natürlichen Lebensgrundlagen»;#ZAHL!;#ZAHL!;Nan
589;30.11.2014;Gold-Initiative;#ZAHL!;#ZAHL!;Nan
590;08.03.2015;Initiative für steuerfreie Kinderzulagen;#ZAHL!;#ZAHL!;Nan
591;08.03.2015;Initiative «Energie- statt Mehrwertsteuer»;#ZAHL!;#ZAHL!;Nan
592;14.06.2015;Verfassungsbestimmung zur Fortpflanzungsmedizin und Gentechnologie im Humanbereich;#ZAHL!;#ZAHL!;Nan
593;14.06.2015;Stipendieninitiative;#ZAHL!;#ZAHL!;Nan
594;14.06.2015;Initiative «Millionen-Erbschaften besteuern für unsere AHV»;#ZAHL!;#ZAHL!;Nan
595;14.06.2015;Radio- und Fernsehgesetz (Radio- und Fernsehabgabe);#ZAHL!;#ZAHL!;Nan
596;28.02.2016;Initiative «gegen die Heiratsstrafe»;#ZAHL!;#ZAHL!;Nan
597;28.02.2016;«Durchsetzungsinitiative»;#ZAHL!;#ZAHL!;Nan
598;28.02.2016;Initiative «Keine Spekulation mit Nahrungsmitteln!»;#ZAHL!;#ZAHL!;Nan
599;28.02.2016;Sanierung Gotthard-Strassentunnel;#ZAHL!;#ZAHL!;Nan
600;05.06.2016;Initiative «Pro Service public»;#ZAHL!;#ZAHL!;Nan
601;05.06.2016;Initiative «Für ein bedingungsloses Grundeinkommen»;#ZAHL!;#ZAHL!;Nan
602;05.06.2016;Initiative «Für eine faire Verkehrsfinanzierung»;#ZAHL!;#ZAHL!;Nan
603;05.06.2016;Fortpflanzungsmedizingesetz;#ZAHL!;#ZAHL!;Nan
604;05.06.2016;Asylgesetz;#ZAHL!;#ZAHL!;Nan
605;25.09.2016;Initiative «Grüne Wirtschaft»;#ZAHL!;#ZAHL!;Nan
606;25.09.2016;Initiative «AHVplus: für eine starke AHV»;#ZAHL!;#ZAHL!;Nan
607;25.09.2016;Nachrichtendienstgesetz;#ZAHL!;#ZAHL!;Nan
608;27.11.2016;Atomausstiegsinitiative;#ZAHL!;#ZAHL!;Nan
609;12.02.2017;Erleichterte Einbürgerung der dritten Ausländergeneration;#ZAHL!;#ZAHL!;Nan
610;12.02.2017;Fonds für die Nationalstrassen und den Agglomerationsverkehr (NAF);#ZAHL!;#ZAHL!;Nan
611;12.02.2017;Unternehmenssteuerreform III;#ZAHL!;#ZAHL!;Nan
612;21.05.2017;Energiegesetz;#ZAHL!;#ZAHL!;Nan
613;24.09.2017;Bundesbeschluss über die Ernährungssicherheit;#ZAHL!;#ZAHL!;Nan
614;24.09.2017;Zusatzfinanzierung der AHV durch eine Erhöhung der Mehrwertsteuer;#ZAHL!;#ZAHL!;Nan
615;24.09.2017;Reform der Altersvorsorge 2020;#ZAHL!;#ZAHL!;Nan
616;04.03.2018;Neue Finanzordnung 2021;#ZAHL!;#ZAHL!;Nan
617;04.03.2018;Initiative «Abschaffung der Billag-Gebühren»;#ZAHL!;#ZAHL!;Nan
618;10.06.2018;Vollgeld-Initiative;#ZAHL!;#ZAHL!;Nan
619;10.06.2018;Geldspielgesetz;#ZAHL!;#ZAHL!;Nan
620;23.09.2018;Bundesbeschluss über die Velowege sowie die Fuss- und Wanderwege;#ZAHL!;#ZAHL!;Nan
621;23.09.2018;Fair-Food-Initiative;#ZAHL!;#ZAHL!;Nan
622;23.09.2018;Initiative «Für Ernährungssouveränität»;#ZAHL!;#ZAHL!;Nan
623;25.11.2018;Hornkuh-Initiative;#ZAHL!;#ZAHL!;Nan
624;25.11.2018;Selbstbestimmungsinitiative;#ZAHL!;#ZAHL!;Nan
625;25.11.2018;Gesetzliche Grundlage für die Überwachung von Versicherten;#ZAHL!;#ZAHL!;Nan
626;10.02.2019;Zersiedelungsinitiative;#ZAHL!;#ZAHL!;Nan
627;19.05.2019;Steuerreform und AHV-Finanzierung (STAF);#ZAHL!;#ZAHL!;Nan
628;19.05.2019;Umsetzung der EU-Waffenrichtlinie;#ZAHL!;#ZAHL!;Nan
629;09.02.2020;Initiative «Mehr bezahlbare Wohnungen»;#ZAHL!;#ZAHL!;Nan
630;09.02.2020;Verbot der Diskriminierung aufgrund der sexuellen Orientierung;#ZAHL!;#ZAHL!;Nan
631;27.09.2020;Begrenzungsinitiative;#ZAHL!;#ZAHL!;Nan
632;27.09.2020;Jagdgesetz;#ZAHL!;#ZAHL!;Nan
633;27.09.2020;Erhöhung der steuerlichen Kinderabzüge;#ZAHL!;#ZAHL!;Nan
634;27.09.2020;Vaterschaftsurlaub;#ZAHL!;#ZAHL!;Nan
635;27.09.2020;Beschaffung neuer Kampfflugzeuge;#ZAHL!;#ZAHL!;Nan
636;29.11.2020;Konzernverantwortungsinitiative;#ZAHL!;#ZAHL!;Nan
637;29.11.2020;«Kriegsgeschäfte-Initiative»;#ZAHL!;#ZAHL!;Nan
638;07.03.2021;Initiative für ein Verhüllungsverbot;#ZAHL!;#ZAHL!;Nan
639;07.03.2021;Gesetz über elektronische Identifizierungsdienste;#ZAHL!;#ZAHL!;Nan
640;07.03.2021;Freihandelsabkommen mit Indonesien;#ZAHL!;#ZAHL!;Nan
641;13.06.2021;Trinkwasserinitiative;#ZAHL!;#ZAHL!;Nan
642;13.06.2021;Pestizidinitiative;#ZAHL!;#ZAHL!;Nan
643;13.06.2021;Covid-19-Gesetz;#ZAHL!;#ZAHL!;Nan
644;13.06.2021;CO2-Gesetz;#ZAHL!;#ZAHL!;Nan
645;13.06.2021;Gesetz über polizeiliche Massnahmen gegen Terrorismus;#ZAHL!;#ZAHL!;Nan
646;26.09.2021;«99%-Initiative»;#ZAHL!;#ZAHL!;Nan
647;26.09.2021;Ehe für alle;#ZAHL!;#ZAHL!;Nan
648;28.11.2021;Pflegeinitiative;#ZAHL!;#ZAHL!;Nan
649;28.11.2021;Justizinitiative;#ZAHL!;#ZAHL!;Nan
650;28.11.2021;Änderung des Covid-19-Gesetzes;#ZAHL!;#ZAHL!;Nan
651;13.02.2022;Initiative für ein Verbot von Tier- und Menschenversuchen;#ZAHL!;#ZAHL!;Nan
652;13.02.2022;Initiative «Kinder und Jugendliche ohne Tabakwerbung»;#ZAHL!;#ZAHL!;Nan
653;13.02.2022;Gesetz über die Stempelabgaben;#ZAHL!;#ZAHL!;Nan
654;13.02.2022;Medienpaket;#ZAHL!;#ZAHL!;Nan
