56,1900-05-20,Gesetz zur Kranken-; Unfall- und Militärversicherung,NaN,NaN,Nan
57,1900-11-04,Initiative «für die Proporzwahl des Nationalrates»,NaN,NaN,Nan
58,1900-11-04,Initiative für die Volkswahl des Bundesrates,NaN,NaN,Nan
59,1902-11-23,Unterstützung der Primarschule durch den Bund,NaN,NaN,Nan
60,1903-03-15,Zolltarifgesetz,NaN,NaN,Nan
61,1903-10-25,Bundesstrafrecht (Anstiftung Militärpflichtiger zu Verbrechen),NaN,NaN,Nan
62,1903-10-25,Initiative «für die Wahl des Nationalrates aufgrund der Schweizer Wohnbevölkerung»,NaN,NaN,Nan
63,1903-10-25,Artikel über die Regulierung des Alkoholhandels,NaN,NaN,Nan
64,1905-03-19,Ausdehnung des Erfinderschutzes,NaN,NaN,Nan
65,1906-06-10,Lebensmittelgesetz,NaN,NaN,Nan
66,1907-11-03,Militärorganisation der schweizerischen Eidgenossenschaft,NaN,NaN,Nan
67,1908-07-05,Verfassungsartikel zur Gesetzgebung über das Gewerbewesen,NaN,NaN,Nan
68,1908-07-05,Initiative «für ein Absinthverbot»,NaN,NaN,Nan
69,1908-10-25,Verfassungsartikel über die Wasserkraft und Elektrizität,NaN,NaN,Nan
70,1910-10-23,Initiative «für die Proporzwahl des Nationalrates»,NaN,NaN,Nan
71,1912-02-04,Kranken- und Unfallversicherungsgesetz,NaN,NaN,Nan
72,1913-05-04,Bekämpfung menschlicher und tierischer Krankheiten,NaN,NaN,Nan
73,1914-10-25,Schaffung eines Verwaltungsgerichts,NaN,NaN,Nan
74,1915-06-06,Verfassungsgrundlage für eine einmalige Kriegssteuer,NaN,NaN,Nan
75,1917-05-13,Stempelabgaben,NaN,NaN,Nan
76,1918-06-02,Initiative für eine direkte Bundessteuer,NaN,NaN,Nan
77,1918-10-13,Initiative «für die Proporzwahl des Nationalrates»,NaN,NaN,Nan
78,1919-05-04,Artikel über die Schifffahrt,NaN,NaN,Nan
79,1919-05-04,Verfassungsgrundlage für eine ausserordentliche Kriegssteuer,NaN,NaN,Nan
80,1919-08-10,Übergangsbestimmungen für vorgezogene Wahlen in den National- und Bundesrat,NaN,NaN,Nan
81,1920-03-21,Gesetz zur Ordnung des Arbeitsverhältnisses,NaN,NaN,Nan
82.1,1920-03-21,Initiative für ein Verbot der Spielbanken,NaN,NaN,Nan
82.2,1920-03-21,Gegenentwurf zur Initiative für ein Verbot der Spielbanken,NaN,NaN,Nan
83,1920-05-16,Beitritt zum Völkerbund,NaN,NaN,Nan
84,1920-10-31,Gesetz zur Arbeitszeit bei den Eisenbahnen,NaN,NaN,Nan
85,1921-01-30,Initiative für ein Staatsvertragsreferendum,NaN,NaN,Nan
86,1921-01-30,Initiative «für die Aufhebung der Militärjustiz»,NaN,NaN,Nan
87,1921-05-22,Artikel über den Automobil- und Fahrradverkehr,NaN,NaN,Nan
88,1921-05-22,Artikel über die Luftschiffahrt,NaN,NaN,Nan
89,1922-06-11,Initiative «betreffend die Erlangung des Schweizerbürgerrechts»,NaN,NaN,Nan
90,1922-06-11,Initiative «betreffend die Ausweisung von Ausländern»,NaN,NaN,Nan
91,1922-06-11,Initiative «betreffend die Wählbarkeit der Bundesbeamten in den Nationalrat»,NaN,NaN,Nan
92,1922-09-24,Strafrechtsrevision (innere Sicherheit und bedingter Strafvollzug),NaN,NaN,Nan
93,1922-12-03,Initiative für eine einmalige Vermögensabgabe,NaN,NaN,Nan
94,1923-02-18,Schutzhaft-Initiative,NaN,NaN,Nan
95,1923-02-18,Abkommen mit Frankreich betreffend Hochsavoyen,NaN,NaN,Nan
96,1923-04-15,Zollinitiative,NaN,NaN,Nan
97,1923-06-03,Bundesbeschluss zum Alkoholwesen,NaN,NaN,Nan
98,1924-02-17,Fabrikgesetz,NaN,NaN,Nan
99,1925-05-24,Initiative für eine AHV/IV,NaN,NaN,Nan
100,1925-10-25,Beschluss betreffend Aufenthalt und Niederlassung der Ausländer,NaN,NaN,Nan
101,1925-12-06,Bundesbeschluss betreffend eine AHV/IV,NaN,NaN,Nan
102,1926-12-05,Artikel zur Getreideversorgung,NaN,NaN,Nan
103,1927-05-15,Entschädigung an Kantone für Alpenstrassen,NaN,NaN,Nan
104,1927-05-15,Gesetz über den Automobil- und Fahrradverkehr,NaN,NaN,Nan
105,1928-05-20,Massnahmen gegen die Überfremdung,NaN,NaN,Nan
106,1928-12-02,Initiative für die Erhaltung der Kursäle,NaN,NaN,Nan
107.1,1929-03-03,Initiative zur Getreideversorgung,NaN,NaN,Nan
107.2,1929-03-03,Gegenentwurf zur Initiative zur Getreideversorgung,NaN,NaN,Nan
108,1929-03-03,Zolltarifgesetz,NaN,NaN,Nan
109,1929-05-12,Initiative «betreffend die Gesetzgebung über den Strassenverkehr»,NaN,NaN,Nan
110,1929-05-12,Initiative «für ein Branntweinverbot»,NaN,NaN,Nan
111,1930-04-06,Neuregelung des Alkoholwesens,NaN,NaN,Nan
112,1931-02-08,Ordensverbot,NaN,NaN,Nan
113,1931-03-15,Beschluss über die Mitgliederzahl des Nationalrates,NaN,NaN,Nan
114,1931-03-15,Amtsdauer des Nationalrats; des Bundesrats und des Bundeskanzlers,NaN,NaN,Nan
115,1931-12-06,Gesetz über die AHV,NaN,NaN,Nan
116,1931-12-06,Gesetz über die Besteuerung des Tabaks,NaN,NaN,Nan
117,1933-05-28,Gesetz zur Herabsetzung der Löhne des Bundespersonals,NaN,NaN,Nan
118,1934-03-11,Gesetz über den Schutz der öffentlichen Ordnung,NaN,NaN,Nan
119,1935-02-24,Neuordnung der militärischen Ausbildung,NaN,NaN,Nan
120,1935-05-05,Verkehrsteilungsgesetz,NaN,NaN,Nan
121,1935-06-02,Initiative «zur Bekämpfung der Wirtschaftskrise»,NaN,NaN,Nan
122,1935-09-08,Initiative für eine Totalrevision der Bundesverfassung,NaN,NaN,Nan
123,1937-11-28,Initiative «für ein Verbot der Freimaurerei»,NaN,NaN,Nan
124,1938-02-20,Anerkennung des Rätoromanischen als Nationalsprache,NaN,NaN,Nan
125,1938-02-20,Initiative zur Beschränkung der Dringlichkeitsklausel,NaN,NaN,Nan
126.1,1938-02-20,Initiative «Private Rüstungsindustrie»,NaN,NaN,Nan
126.2,1938-02-20,Gegenentwurf zur Initiative «Private Rüstungsindustrie»,NaN,NaN,Nan
127,1938-07-03,Schweizerisches Strafgesetzbuch,NaN,NaN,Nan
128,1938-11-27,Übergangsordnung des Finanzhaushalts,NaN,NaN,Nan
129,1939-01-22,Initiative für eine Erweiterung der Verfassungsgerichtsbarkeit,NaN,NaN,Nan
130,1939-01-22,Beschluss betreffend eine Einschränkung der Dringlichkeitsklausel,NaN,NaN,Nan
131,1939-06-04,Bundesbeschluss zum Ausbau der Landesverteidigung und zur Bekämpfung der Arbeitslosigkeit,NaN,NaN,Nan
132,1939-12-03,Dienstverhältnis und Versicherung des Bundespersonals,NaN,NaN,Nan
133,1940-12-01,Einführung des obligatorischen militärischen Vorunterrichts,NaN,NaN,Nan
134,1941-03-09,Initiative «zur Neuordnung des Alkoholwesens»,NaN,NaN,Nan
135,1942-01-25,Initiative für die Wahl des Bundesrates durch das Volk,NaN,NaN,Nan
136,1942-05-03,Initiative «für die Reorganisation des Nationalrates»,NaN,NaN,Nan
137,1944-10-29,Gesetz über den unlauteren Wettbewerb,NaN,NaN,Nan
138,1945-01-21,Gesetz über die Bundesbahnen,NaN,NaN,Nan
139,1945-11-25,Gegenentwurf zur Volksinitiative «Für die Familie»,NaN,NaN,Nan
140,1946-02-10,Bundesbeschluss für eine Gütertransportordnung,NaN,NaN,Nan
141,1946-12-08,Initiative «Recht auf Arbeit»,NaN,NaN,Nan
142,1947-05-18,Initiative «Wirtschaftsreform und Rechte der Arbeit»,NaN,NaN,Nan
143,1947-07-06,Revision der Wirtschaftsartikel,NaN,NaN,Nan
144,1947-07-06,Gesetz über die AHV,NaN,NaN,Nan
145,1948-03-14,Ordnung der Zuckerwirtschaft,NaN,NaN,Nan
146,1949-05-22,Nationalbank-Artikel,NaN,NaN,Nan
147,1949-05-22,Gesetz zur Bekämpfung der Tuberkulose,NaN,NaN,Nan
148,1949-09-11,Initiative «für die Rückkehr zur direkten Demokratie»,NaN,NaN,Nan
149,1949-12-11,Gesetz über das Dienstverhältnis der Bundesbeamten,NaN,NaN,Nan
150,1950-01-29,Massnahmen zur Förderung der Wohnbautätigkeit,NaN,NaN,Nan
151,1950-06-04,Neuordnung des Finanzhaushalts,NaN,NaN,Nan
152,1950-10-01,Initiative zur «Verhinderung der Spekulation»,NaN,NaN,Nan
153,1950-12-03,Beschluss über die Mitgliederzahl des Nationalrates,NaN,NaN,Nan
154,1950-12-03,Finanzordnung 1951 bis 1954,NaN,NaN,Nan
155,1951-02-25,Autotransportordnung,NaN,NaN,Nan
156.1,1951-04-15,Freigeld-Initiative,NaN,NaN,Nan
156.2,1951-04-15,Gegenentwurf zur «Freigeldinitiative»,NaN,NaN,Nan
157,1951-07-08,Initiative für einen Beitrag der öffentlichen Unternehmungen an die Kosten der Landesverteidigung,NaN,NaN,Nan
158,1952-03-02,Verlängerung der Bewilligungspflicht für Gasthöfe,NaN,NaN,Nan
159,1952-03-30,Landwirtschaftsgesetz,NaN,NaN,Nan
160,1952-04-20,Warenumsatzsteuer-Initiative,NaN,NaN,Nan
161,1952-05-18,Initiative «zur Rüstungsfinanzierung und zum Schutze der sozialen Errungenschaften»,NaN,NaN,Nan
162,1952-07-06,Bundesbeschluss über die Deckung der Rüstungsausgaben,NaN,NaN,Nan
163,1952-10-05,Tabakzölle und Tabakkontingentierung,NaN,NaN,Nan
164,1952-10-05,Bundesbeschluss über den Einbau von Luftschutzräumen,NaN,NaN,Nan
165,1952-11-23,Befristete Weiterführung der Preiskontrolle,NaN,NaN,Nan
166,1952-11-23,Beschluss zur Brotgetreideversorgung des Landes,NaN,NaN,Nan
167,1953-04-19,Postverkehrsgesetz,NaN,NaN,Nan
168,1953-12-06,Neuordnung des Finanzhaushalts,NaN,NaN,Nan
169,1953-12-06,Verfassungsartikel über den Schutz der Gewässer ,NaN,NaN,Nan
170,1954-06-20,Bundesbeschluss über Fähigkeitsausweise,NaN,NaN,Nan
171,1954-06-20,Hilfe an kriegsgeschädigte Auslandschweizer,NaN,NaN,Nan
172,1954-10-24,Finanzordnung 1955 bis 1958,NaN,NaN,Nan
173,1954-12-05,Initiative zum Schutz der Stromlandschaft Rheinau,NaN,NaN,Nan
174.1,1955-03-13,Mieter- und Konsumentenschutzinitiative,NaN,NaN,Nan
174.2,1955-03-13,Gegenentwurf zur Mieter- und Konsumentenschutzinitiative,NaN,NaN,Nan
175,1956-03-04,Befristete Weiterführung einer beschränkten Preiskontrolle,NaN,NaN,Nan
176,1956-05-13,Initiative zur Erweiterung der Volksrechte bei Wasserrechtskonzessionen,NaN,NaN,Nan
177,1956-05-13,Gewährung einer Hilfe an die Holzverzuckerungs-AG Graubünden,NaN,NaN,Nan
178,1956-09-30,Revision der Brotgetreideordnung ,NaN,NaN,Nan
179,1956-09-30,Beschluss betreffend Ausgabenbeschlüsse der Bundesversammlung,NaN,NaN,Nan
180,1957-03-03,Zivilschutzartikel,NaN,NaN,Nan
181,1957-03-03,Verfassungsartikel betreffend Rundspruch und Fernsehen,NaN,NaN,Nan
182,1957-11-24,Verfassungsartikel zu Atomenergie und Strahlenschutz,NaN,NaN,Nan
183,1957-11-24,Beschluss zur Brotgetreideversorgung des Landes,NaN,NaN,Nan
184,1958-01-26,Initiative «gegen den Missbrauch wirtschaftlicher Macht»,NaN,NaN,Nan
185,1958-05-11,Neuordnung des Finanzhaushalts,NaN,NaN,Nan
186,1958-07-06,Verfassungsartikel zum Filmwesen,NaN,NaN,Nan
187,1958-07-06,Bundesbeschluss über die Verbesserung des Strassennetzes,NaN,NaN,Nan
188,1958-10-26,Initiative «zur Einführung der 44-Stunden-Woche»,NaN,NaN,Nan
189,1958-12-07,Erhöhung des Höchsteinsatzes bei Kursaalspielen,NaN,NaN,Nan
190,1958-12-07,Abkommen mit Italien zur Wasserkraft des Spöl,NaN,NaN,Nan
191,1959-02-01,Einführung des Frauenstimmrechts,NaN,NaN,Nan
192,1959-05-24,Zivilschutzartikel,NaN,NaN,Nan
193,1960-05-29,Weiterführung befristeter Preiskontrollmassnahmen,NaN,NaN,Nan
194,1960-12-04,Massnahmen für die Milchwirtschaft,NaN,NaN,Nan
195,1961-03-05,Artikel betreffend Leitungsanlagen für Treibstoffe,NaN,NaN,Nan
196,1961-03-05,Treibstoffzoll zur Finanzierung der Nationalstrassen,NaN,NaN,Nan
197,1961-10-22,Volksinitiative zur Einführung der Gesetzesinitiative,NaN,NaN,Nan
198,1961-12-03,Uhrenstatut,NaN,NaN,Nan
199,1962-04-01,Initiative «für ein Verbot der Atomwaffen»,NaN,NaN,Nan
200,1962-05-27,Natur- und Heimatschutz-Artikel,NaN,NaN,Nan
201,1962-05-27,Gesetz über die Taggelder des Nationalrates,NaN,NaN,Nan
202,1962-11-04,Festsetzung der Mitgliederzahl des Nationalrates,NaN,NaN,Nan
203,1963-05-26,Initiative für ein Referendum gegen Atomwaffen,NaN,NaN,Nan
204,1963-12-08,Weiterführung der Finanzordnung ,NaN,NaN,Nan
205,1963-12-08,Artikel über Stipendien und Ausbildungsbeihilfen,NaN,NaN,Nan
206,1964-02-02,Erlass einer allgemeinen Steueramnestie,NaN,NaN,Nan
207,1964-05-24,Berufsbildungsgesetz,NaN,NaN,Nan
208,1964-12-06,Weiterführung befristeter Preiskontrollmassnahmen,NaN,NaN,Nan
209,1965-02-28,Bekämpfung der Teuerung durch Massnahmen im Kreditwesen,NaN,NaN,Nan
210,1965-02-28,Bekämpfung der Teuerung durch Massnahmen in der Bauwirtschaft,NaN,NaN,Nan
211,1965-05-16,Milchbeschluss,NaN,NaN,Nan
212,1966-10-16,Auslandschweizer-Artikel,NaN,NaN,Nan
213,1966-10-16,Initiative «zur Bekämpfung des Alkoholismus»,NaN,NaN,Nan
214,1967-07-02,Initiative «gegen die Bodenspekulation»,NaN,NaN,Nan
215,1968-02-18,Erlass einer allgemeinen Steueramnestie,NaN,NaN,Nan
216,1968-05-19,Gesetz über die Tabakbesteuerung,NaN,NaN,Nan
217,1969-06-01,Gesetz über die Eidgenössischen Technischen Hochschulen,NaN,NaN,Nan
218,1969-09-14,Verfassungsrechtliche Ordnung des Bodenrechts,NaN,NaN,Nan
219,1970-02-01,Bundesbeschluss über die inländische Zuckerwirtschaft,NaN,NaN,Nan
220,1970-06-07,Initiative «Gegen die Überfremdung»,NaN,NaN,Nan
221,1970-09-27,Verfassungsartikel zur Förderung von Turnen und Sport,NaN,NaN,Nan
222,1970-09-27,Initiative «Recht auf Wohnung und Ausbau des Familienschutzes»,NaN,NaN,Nan
223,1970-11-15,Änderung der Finanzordnung,NaN,NaN,Nan
224,1971-02-07,Einführung des Frauenstimmrechts,NaN,NaN,Nan
225,1971-06-06,Umweltschutzartikel,NaN,NaN,Nan
226,1971-06-06,Weiterführung der Finanzordnung,NaN,NaN,Nan
227.1,1972-03-05,Initiative «zur Förderung des Wohnungsbaues»,NaN,NaN,Nan
227.2,1972-03-05,Gegenentwurf zur Wohnungsbau-Initiative,NaN,NaN,Nan
228,1972-03-05,Verfassungsartikel über den Mieterschutz und die Allgemeinverbindlicherklärung von Mietverträgen,NaN,NaN,Nan
229,1972-06-04,Massnahmen zur Stabilisierung des Baumarktes,NaN,NaN,Nan
230,1972-06-04,Bundesbeschluss über den Schutz der Währung,NaN,NaN,Nan
231,1972-09-24,Initiative für ein Waffenausfuhrverbot,NaN,NaN,Nan
232.1,1972-12-03,Initiative zur Einführung einer Volkspension,NaN,NaN,Nan
232.2,1972-12-03,Gegenentwurf zur Initiative zur Einführung einer Volkspension,NaN,NaN,Nan
233,1972-12-03,Abkommen mit der EWG,NaN,NaN,Nan
234,1973-03-04,Bildungsartikel,NaN,NaN,Nan
235,1973-03-04,Verfassungsartikel zur wissenschaftlichen Forschung,NaN,NaN,Nan
236,1973-05-20,Aufhebung des Jesuiten- und des Klosterartikels,NaN,NaN,Nan
237,1973-12-02,Massnahmen zur Preisüberwachung,NaN,NaN,Nan
238,1973-12-02,Massnahmen auf dem Gebiet des Kreditwesens,NaN,NaN,Nan
239,1973-12-02,Massnahmen zur Stabilisierung des Baumarktes,NaN,NaN,Nan
240,1973-12-02,Einschränkung der steuerwirksamen Abschreibungen,NaN,NaN,Nan
241,1973-12-02,Tierschutzartikel ,NaN,NaN,Nan
242,1974-10-20,Initiative «Gegen die Überfremdung»,NaN,NaN,Nan
243,1974-12-08,Verbesserung des Bundeshaushalts,NaN,NaN,Nan
244,1974-12-08,Erschwerung von Ausgabenbeschlüssen,NaN,NaN,Nan
245.1,1974-12-08,Initiative «für eine soziale Krankenversicherung»,NaN,NaN,Nan
245.2,1974-12-08,Bundesbeschluss über die soziale Krankenversicherung (Gegenentwurf),NaN,NaN,Nan
246,1975-03-02,Konjunkturartikel,NaN,NaN,Nan
247,1975-06-08,Bundesbeschluss über den Schutz der Währung,NaN,NaN,Nan
248,1975-06-08,Bundesbeschluss über die Finanzierung der Nationalstrassen,NaN,NaN,Nan
249,1975-06-08,Änderung des Generalzolltarifs,NaN,NaN,Nan
250,1975-06-08,Bundesbeschluss zur Erhöhung der Steuereinnahmen,NaN,NaN,Nan
251,1975-06-08,Erschwerung von Ausgabenbeschlüssen,NaN,NaN,Nan
252,1975-12-07,Reform der Niederlassungsfreiheit und Unterstützungsregelung,NaN,NaN,Nan
253,1975-12-07,Verfassungsbestimmungen zur Wasserwirtschaft,NaN,NaN,Nan
254,1975-12-07,Gesetz über die Ein- und Ausfuhr von Landwirtschaftserzeugnissen,NaN,NaN,Nan
255.1,1976-03-21,Initiative «für die Mitbestimmung der Arbeitnehmer»,NaN,NaN,Nan
255.2,1976-03-21,Gegenentwurf zur Mitbestimmungsinitiative,NaN,NaN,Nan
256,1976-03-21,Initiative «für eine Reform des Steuerwesens»,NaN,NaN,Nan
257,1976-06-13,Raumplanungsgesetz,NaN,NaN,Nan
258,1976-06-13,Darlehen an die Internationale Entwicklungsorganisation,NaN,NaN,Nan
259,1976-06-13,Neukonzeption der Arbeitslosenversicherung,NaN,NaN,Nan
260,1976-09-26,Radio- und Fernsehartikel,NaN,NaN,Nan
261,1976-09-26,Initiative für eine Haftpflichtversicherung für Motorfahrzeuge und Fahrräder,NaN,NaN,Nan
262,1976-12-05,Bundesbeschluss über die Geld- und Kreditpolitik,NaN,NaN,Nan
263,1976-12-05,Bundesbeschluss über die Preisüberwachung,NaN,NaN,Nan
264,1976-12-05,Initiative «für die Einführung der 40-Stunden-Woche»,NaN,NaN,Nan
265,1977-03-13,Vierte «Überfremdungsinitiative»,NaN,NaN,Nan
266,1977-03-13,Initiative «für eine Beschränkung der Einbürgerungen»,NaN,NaN,Nan
267.1,1977-03-13,Initiative zur Neuordnung des Staatsvertragsreferendums,NaN,NaN,Nan
267.2,1977-03-13,Neuordnung des Staatsvertragsreferendums (Gegenentwurf),NaN,NaN,Nan
268,1977-06-12,Neuordnung der Umsatzsteuer und der direkten Bundessteuer,NaN,NaN,Nan
269,1977-06-12,Bundesbeschluss über die Steuerharmonisierung,NaN,NaN,Nan
270.1,1977-09-25,Mieterschutzinitiative,NaN,NaN,Nan
270.2,1977-09-25,Gegenentwurf zur Mieterschutzinitiative,NaN,NaN,Nan
271,1977-09-25,Initiative «gegen die Luftverschmutzung durch Motorfahrzeuge»,NaN,NaN,Nan
272,1977-09-25,Erhöhung der Unterschriftenzahl für das Referendum,NaN,NaN,Nan
273,1977-09-25,Erhöhung der Unterschriftenzahl für die Verfassungsinitiative,NaN,NaN,Nan
274,1977-09-25,Initiative «für die Fristenlösung»,NaN,NaN,Nan
275,1977-12-04,«Reichtumssteuer-Initiative»,NaN,NaN,Nan
276,1977-12-04,Bundesgesetz über die politischen Rechte,NaN,NaN,Nan
277,1977-12-04,Einführung eines zivilen Ersatzdienstes,NaN,NaN,Nan
278,1977-12-04,Massnahmen zum Ausgleich des Bundeshaushaltes,NaN,NaN,Nan
279,1978-02-26,Initiative für mehr Mitbestimmung im Nationalstrassenbau,NaN,NaN,Nan
280,1978-02-26,9. AHV-Revision,NaN,NaN,Nan
281,1978-02-26,Initiative zur Herabsetzung des AHV-Alters,NaN,NaN,Nan
282,1978-02-26,Konjunkturartikel,NaN,NaN,Nan
283,1978-05-28,Zeitgesetz (Sommerzeit),NaN,NaN,Nan
284,1978-05-28,Zolltarifgesetz (Brotpreis),NaN,NaN,Nan
285,1978-05-28,Gesetz über den Schwangerschaftsabbruch,NaN,NaN,Nan
286,1978-05-28,Gesetz über die Hochschulförderung,NaN,NaN,Nan
287,1978-05-28,Initiative für 12 autofreie Sonntage pro Jahr,NaN,NaN,Nan
288,1978-09-24,Bundesbeschluss über die Gründung des Kantons Jura,NaN,NaN,Nan
289,1978-12-03,Milchwirtschaftsbeschluss,NaN,NaN,Nan
290,1978-12-03,Tierschutzgesetz ,NaN,NaN,Nan
291,1978-12-03,Sicherheitspolizeigesetz,NaN,NaN,Nan
292,1978-12-03,Berufsbildungsgesetz,NaN,NaN,Nan
293,1979-02-18,Stimm- und Wahlrecht für 18-Jährige,NaN,NaN,Nan
294,1979-02-18,Bundesbeschluss über die Fuss- und Wanderwege,NaN,NaN,Nan
295,1979-02-18,Initiative «gegen Suchtmittelreklame»,NaN,NaN,Nan
296,1979-02-18,Atominitiative,NaN,NaN,Nan
297,1979-05-20,Neuordnung der Umsatzsteuer und der direkten Bundessteuer,NaN,NaN,Nan
298,1979-05-20,Atomgesetz,NaN,NaN,Nan
299,1980-03-02,Initiative zur «vollständigen Trennung von Kirche und Staat»,NaN,NaN,Nan
300,1980-03-02,Neuordnung der Landesversorgung,NaN,NaN,Nan
301,1980-11-30,Gurten- und Schutzhelmobligatorium,NaN,NaN,Nan
302,1980-11-30,Aufhebung des Kantonsanteils an den Stempelabgaben,NaN,NaN,Nan
303,1980-11-30,Abbau des Kantonsanteils an den Alkoholeinnahmen ,NaN,NaN,Nan
304,1980-11-30,Revision der Brotgetreideordnung,NaN,NaN,Nan
305,1981-04-05,Initiative «für eine neue Ausländerpolitik»,NaN,NaN,Nan
306,1981-06-14,Artikel zur Gleichstellung von Mann und Frau,NaN,NaN,Nan
307.0,1981-06-14,zur Absicherung der Rechte der Konsumenten,65.5,-1,3
308,1981-11-29,Weiterführung der Finanzordnung,NaN,NaN,Nan
309.0,1982-06-06,Strafgesetz (Gewaltverbrechen),63.7,1,1
310,1982-06-06,Ausländergesetz,NaN,NaN,Nan
311.1,1982-11-28,Verhinderung missbräuchlicher Preise,57.9,-1,1
311.2,1982-11-28,Verhinderung missbräuchlicher Preise (Gegenentwurf),24.8,1,2
312,1983-02-27,Neuregelung der Treibstoffzölle,NaN,NaN,Nan
313,1983-02-27,Energieartikel,NaN,NaN,Nan
314,1983-12-04,Reform der Bürgerrechtsregelung in der Bundesverfassung,NaN,NaN,Nan
315,1983-12-04,Bundesbeschluss über die Erleichterung gewisser Einbürgerungen,NaN,NaN,Nan
316.0,1984-02-26,Schwerverkehrsabgabe,58.7,-1,3
317,1984-02-26,Einführung der Autobahnvignette,NaN,NaN,Nan
318.0,1984-02-26,Zivildienst auf der Grundlage des Tatbeweises,36.2,-1,-1
319.0,1984-05-20,Banken-Initiative,27,-1,1
320,1984-05-20,Initiative «Gegen den Ausverkauf der Heimat»,NaN,NaN,Nan
321.0,1984-09-23,Zukunft ohne weitere Atomkraftwerke,45,-1,1
322.0,1984-09-23,"sichere, sparsame und umweltgerechte Energieversorgung",45.8,-1,1
323.0,1984-12-02,Mutterschaftsversicherung,15.8,-1,1
324,1984-12-02,Radio- und Fernsehartikel,NaN,NaN,Nan
325,1984-12-02,Bundesbeschluss über die Entschädigung der Opfer von Gewaltverbrechen,NaN,NaN,Nan
326,1985-03-10,Aufhebung der Bundesbeiträge für den Primarschulunterricht,NaN,NaN,Nan
327,1985-03-10,Aufhebung der Beitragspflicht des Bundes im Gesundheitswesen,NaN,NaN,Nan
328.0,1985-03-10,Neuregelung der Ausbildungsbeiträge,47.6,1,-3
329.0,1985-03-10,Verlängerung der bezahlten Ferien,34.8,-2,1
330,1985-06-09,Initiative «Recht auf Leben»,NaN,NaN,Nan
331,1985-06-09,Aufhebung des Kantonsanteils an den Stempelabgaben,NaN,NaN,Nan
332,1985-06-09,Neuverteilung der Erträge aus der Alkoholabgabe,NaN,NaN,Nan
333,1985-06-09,Aufhebung der Unterstützung für die Selbstversorgung mit Brotgetreide,NaN,NaN,Nan
334,1985-09-22,Bundesbeschluss zur Koordination des Schuljahresbeginns,NaN,NaN,Nan
335.0,1985-09-22,Innovationsrisikogarantie,43.1,-1,1
336,1985-09-22,Neues Ehe- und Erbrecht,NaN,NaN,Nan
337,1985-12-01,Initiative «für die Abschaffung der Vivisektion»,NaN,NaN,Nan
338,1986-03-16,UNO-Beitritt,NaN,NaN,Nan
339.1,1986-09-28,Eidgenössische 'Kulturinitiative',18.1,-1,1
339.2,1986-09-28,Gegenentwurf zur Kulturinitiative,NaN,NaN,Nan
340.0,1986-09-28,Lehrwerkstätten-Initiative,18.4,-1,2
341,1986-09-28,Bundesbeschluss über die Zuckerwirtschaft,NaN,NaN,Nan
342.0,1986-12-07,Mieterschutz (Gegenvorschlag),64.4,-1,3
343.0,1986-12-07,Schwerverkehrsabgabe (Initiative),33.9,-1,2
344.0,1987-04-05,Asylgesetz (Verfahrensstraffung),67.3,1,-3
345,1987-04-05,Ausländergesetz,NaN,NaN,Nan
346.0,1987-04-05,Rüstungsreferendum,40.6,-1,1
347,1987-04-05,Abstimmungsverfahren bei Volksinitiativen mit Gegenentwurf,NaN,NaN,Nan
348.0,1987-12-06,BAHN 2000,57,-1,1
349.0,1987-12-06,Kranken- und Mutterschaftsversicherung,28.7,-1,1
350.0,1987-12-06,Rothenthurm-Initiative,57.8,-1,1
351,1988-06-12,Verfassungsgrundlagen für eine koordinierte Verkehrspolitik,NaN,NaN,Nan
352.0,1988-06-12,Herabsetzung des AHV-Rentenalters,35.1,-2,1
353.0,1988-12-04,Stadt-Land-Initiative gegen die Bodenspekulation,30.8,-1,2
354.0,1988-12-04,40-Stunden-Woche,34.3,-2,1
355,1988-12-04,Initiative «für die Begrenzung der Einwanderung»,NaN,NaN,Nan
356,1989-06-04,Kleinbauern-Initiative,NaN,NaN,Nan
357.0,1989-11-26,Schweiz ohne Armee und umfassende Friedenspolitik,35.6,-2,1
358,1989-11-26,Initiative «pro Tempo 130/100»,NaN,NaN,Nan
359,1990-04-01,Initiative «für eine Begrenzung des Strassenbaus»,NaN,NaN,Nan
360,1990-04-01,Initiative «für eine autobahnfreie Landschaft zwischen Murten und Yverdon»,NaN,NaN,Nan
361,1990-04-01,Initiative «für ein autobahnfreies Knonauer Amt»,NaN,NaN,Nan
362,1990-04-01,Initiative für eine freie Aarelandschaft zwischen Biel und Solothurn,NaN,NaN,Nan
363,1990-04-01,Rebbaubeschluss,NaN,NaN,Nan
364,1990-04-01,Gesetz über die Organisation der Bundesrechtspflege,NaN,NaN,Nan
365.0,1990-09-23,für den Ausstieg aus der Atomenergie,47.1,-1,1
366.0,1990-09-23,Stopp dem Atomkraftwerkbau (Moratorium),54.5,-1,1
367.0,1990-09-23,Energieartikel in der Bundesverfassung,71.1,-1,1
368,1990-09-23,Strassenverkehrsgesetz,NaN,NaN,Nan
369,1991-03-03,Herabsetzung des Stimmrechtsalters auf 18 Jahre,NaN,NaN,Nan
370.0,1991-03-03,Förderung des öffentlichen Verkehrs,37.1,-1,-1
371,1991-06-02,Neuordnung der Bundesfinanzen (Einführung Mehrwertsteuer),NaN,NaN,Nan
372,1991-06-02,Militärstrafgesetz,NaN,NaN,Nan
373,1992-02-16,«Krankenkassen-Initiative»,NaN,NaN,Nan
374,1992-02-16,Initiative «Weg vom Tierversuch!»,NaN,NaN,Nan
375,1992-05-17,Beitritt zu den Institutionen von Bretton Woods,NaN,NaN,Nan
376,1992-05-17,Gesetz über die Mitwirkung an den Institutionen von Bretton Woods,NaN,NaN,Nan
377,1992-05-17,Gewässerschutzgesetz,NaN,NaN,Nan
378,1992-05-17,Gewässerschutz-Initiative,NaN,NaN,Nan
379,1992-05-17,Regelung der Fortpflanzungs- und Gentechnologie,NaN,NaN,Nan
380.0,1992-05-17,Zivildienst für Dienstverweigerer,82.5,-1,3
381,1992-05-17,Reform des Sexualstrafrechts,NaN,NaN,Nan
382,1992-09-27,Alpentransit-Beschluss (NEAT),NaN,NaN,Nan
383,1992-09-27,Geschäftsverkehrsgesetz,NaN,NaN,Nan
384,1992-09-27,Entschädigungsgesetz,NaN,NaN,Nan
385,1992-09-27,Infrastrukturgesetz,NaN,NaN,Nan
386,1992-09-27,Gesetz über die Stempelabgaben,NaN,NaN,Nan
387,1992-09-27,Gesetz über das bäuerliche Bodenrecht,NaN,NaN,Nan
388,1992-12-06,EWR-Beitritt,NaN,NaN,Nan
389,1993-03-07,Erhöhung des Treibstoffzolls,NaN,NaN,Nan
390,1993-03-07,Aufhebung des Spielbankenverbots,NaN,NaN,Nan
391,1993-03-07,Initiative «zur Abschaffung der Tierversuche»,NaN,NaN,Nan
392.0,1993-06-06,Waffenplatz-Initiative,44.7,-2,1
393.0,1993-06-06,Schweiz ohne neue Kampfflugzeuge,42.8,-2,1
394,1993-09-26,Bundesbeschluss gegen den Waffenmissbrauch,NaN,NaN,Nan
395,1993-09-26,Kantonswechsel des Laufentals zu Basel-Landschaft,NaN,NaN,Nan
396,1993-09-26,1.-August-Initiative,NaN,NaN,Nan
397.0,1993-09-26,Massnahmen geg. d. Kostensteig. in d. Krankenversicherung,80.5,1,-1
398.0,1993-09-26,Massnahmen in der Arbeitslosenversicherung,70.4,1,1
399,1993-11-28,Einführung der Mehrwertsteuer,NaN,NaN,Nan
400,1993-11-28,Mehrwertsteuer-Satz 6;5%,NaN,NaN,Nan
401,1993-11-28,Mehrwertsteuerprozent für die AHV,NaN,NaN,Nan
402,1993-11-28,Bundesbeschluss über besondere Verbrauchssteuern,NaN,NaN,Nan
403,1993-11-28,Initiative «zur Verminderung der Alkoholprobleme»,NaN,NaN,Nan
404,1993-11-28,Initiative «zur Verminderung der Tabakprobleme»,NaN,NaN,Nan
405,1994-02-20,Weiterführung Autobahnvignette,NaN,NaN,Nan
406.0,1994-02-20,Weiterführung der Schwerverkehrsabgabe,72.2,-1,1
407.0,1994-02-20,Leistungsabhängige Schwerverkehrsabgabe,67.1,-1,1
408,1994-02-20,Alpen-Initiative,NaN,NaN,Nan
409,1994-02-20,Luftfahrtgesetz,NaN,NaN,Nan
410,1994-06-12,Kulturförderungsartikel,NaN,NaN,Nan
411,1994-06-12,Erleichterte Einbürgerung für junge Ausländer,NaN,NaN,Nan
412,1994-06-12,UNO-Blauhelme,NaN,NaN,Nan
413,1994-09-25,Aufhebung der Brotgetreideverbilligung,NaN,NaN,Nan
414,1994-09-25,Verbot der Rassendiskriminierung,NaN,NaN,Nan
415.0,1994-12-04,Krankenversicherung (KVG),51.7,-1,1
416.0,1994-12-04,gesunde Krankenversicherung (Initiative),23.4,-2,-1
417.0,1994-12-04,Zwangsmassnahmen im Ausländerrecht,72.9,1,-1
418,1995-03-12,Landwirtschaftsartikel,NaN,NaN,Nan
419,1995-03-12,Milchwirtschaftsbeschluss,NaN,NaN,Nan
420,1995-03-12,Landwirtschaftsgesetz,NaN,NaN,Nan
421.0,1995-03-12,Ausgabenbremse,83.4,1,-1
422.0,1995-06-25,10. AHV-Revision,60.7,2,1
423.0,1995-06-25,Initiative f. den Ausbau von AHV und IV,27.6,-2,2
424,1995-06-25,Gesetz über den Erwerb von Grundstücken durch Personen im Ausland,NaN,NaN,Nan
425,1996-03-10,Sprachenartikel,NaN,NaN,Nan
426,1996-03-10,Übertritt Vellerat zum Kanton Jura,NaN,NaN,Nan
427,1996-03-10,Zuständigkeit im Bereich der persönlichen militärischen Ausrüstung,NaN,NaN,Nan
428,1996-03-10,Aufhebung der Pflicht zur Übernahme von Brennapparaten und Branntwein,NaN,NaN,Nan
429,1996-03-10,Aufhebung der Beiträge an Bahnhofparkplätze,NaN,NaN,Nan
430,1996-06-09,Verfassungsartikel zur Landwirtschaft,NaN,NaN,Nan
431,1996-06-09,Regierungs- und Verwaltungsorganisationsgesetz,NaN,NaN,Nan
432,1996-12-01,Initiative «gegen die illegale Einwanderung»,NaN,NaN,Nan
433.0,1996-12-01,Arbeitsgesetz,32.9,2,3
434,1997-06-08,Initiative «EU-Beitrittsverhandlungen vors Volk!»,NaN,NaN,Nan
435.0,1997-06-08,VI Verbot der Kriegsmaterialausfuhr,22.5,-1,3
436,1997-06-08,Aufhebung des Pulverregals,NaN,NaN,Nan
437.0,1997-09-28,Finanzierung der ALV,49.2,2,1
438,1997-09-28,Initiative «Jugend ohne Drogen»,NaN,NaN,Nan
439.0,1998-06-07,Massnahmen zum Haushaltausgleich,70.7,2,3
440,1998-06-07,«Gen-Schutz-Initiative»,NaN,NaN,Nan
441.0,1998-06-07,"VI ""S.o.S. - Schweiz ohne Schnüffelpolizei""",24.6,-1,-1
442.0,1998-09-27,Leistungsabhängige Schwerverkehrsabgabe,57.2,-1,1
443,1998-09-27,Kleinbauern-Initiative,NaN,NaN,Nan
444.0,1998-09-27,VI 10. AHV-Revision ohne Erhöhung des Rentenalters,41.5,-2,1
445.0,1998-11-29,Finanzierung des öffentlichen Verkehrs,63.4,-1,1
446,1998-11-29,Getreideartikel,NaN,NaN,Nan
447.0,1998-11-29,DroLeg-Initiative,26,-1,1
448.0,1998-11-29,Arbeitsgesetz (2. Anlauf),63.4,2,1
449,1999-02-07,Bundesbeschluss über die Wählbarkeit in den Bundesrat,NaN,NaN,Nan
450,1999-02-07,Verfassungsbestimmung über die Transplantationsmedizin,NaN,NaN,Nan
451.0,1999-02-07,"VI ""Wohneigentum für alle""",41.3,1,1
452,1999-02-07,Raumplanungsgesetz,NaN,NaN,Nan
453,1999-04-18,Neue Bundesverfassung,NaN,NaN,Nan
454.0,1999-06-13,Asylgesetz (AsylG),70.6,1,1
455.0,1999-06-13,Dringliche Massnahmen im Asyl- und Ausländerbereich,70.9,1,2
456,1999-06-13,Bundesbeschluss über die ärztliche Verschreibung von Heroin,NaN,NaN,Nan
457.0,1999-06-13,Abschaffung der IV-Viertelsrente,30.3,1,-2
458.0,1999-06-13,Mutterschaftsversicherung,38.9,-1,1
459,2000-03-12,Justizreform,NaN,NaN,Nan
460,2000-03-12,Initiative «für die Beschleunigung der direkten Demokratie»,NaN,NaN,Nan
461.0,2000-03-12,Gleichstellungsinitiative,17.9,-1,-2
462,2000-03-12,Initiative «für menschenwürdige Fortpflanzung»,NaN,NaN,Nan
463.0,2000-03-12,Verkehrshalbierungs-Initiative,21.3,-1,1
464,2000-05-21,Bilaterale Abkommen mit der EU,NaN,NaN,Nan
465.1,2000-09-24,Solar-Initiative,31.8,-1,-2
465.2,2000-09-24,Förderabgabe für erneuerbare Energien,NaN,NaN,Nan
465.3,2000-09-24,Stichfrage zu Solarinitiative und Gegenentwurf,NaN,NaN,Nan
466,2000-09-24,Energielenkungsabgabe für die Umwelt,NaN,NaN,Nan
467,2000-09-24,Initiative «für eine Regelung der Zuwanderung»,NaN,NaN,Nan
468,2000-09-24,Initiative für ein konstruktives Referendum,NaN,NaN,Nan
469.0,2000-11-26,"VI ""Flexibilisierung der AHV - gegen Erhöhung des Rentenalters für Frauen""",39.4,-3,-2
470.0,2000-11-26,"VI ""flexibles Rentenalter ab 62 für Frau und Mann""",46,-3,1
471.0,2000-11-26,Umverteilungsinitiative,37.6,-2,1
472.0,2000-11-26,"VI ""für tiefere Spitalkosten""",17.9,-1,1
473.0,2000-11-26,Bundespersonalgesetz (BPG),66.8,2,1
474,2001-03-04,Initiative «Ja zu Europa!»,NaN,NaN,Nan
475,2001-03-04,Initiative «für tiefere Arzneimittelpreise»,NaN,NaN,Nan
476.0,2001-03-04,"VI ""Tempo 30""",20.3,-1,2
477,2001-06-10,Militärgesetz: Bewaffnung,NaN,NaN,Nan
478,2001-06-10,Militärgesetz: Ausbildungszusammenarbeit,NaN,NaN,Nan
479,2001-06-10,Aufhebung des Bistumsartikels,NaN,NaN,Nan
480.0,2001-12-02,Schuldenbremse,84.8,2,-1
481.0,2001-12-02,"VI ""Energie statt Arbeit besteuern""",22.8,-1,-1
482.0,2001-12-02,VI GSoA II,21.9,-2,2
483.0,2001-12-02,VI Ziviler Friedensdienst,23.2,-2,1
484.0,2001-12-02,VI Kapitalgewinnsteuer,34.1,-2,1
485,2002-03-03,Initiative für den UNO-Beitritt,NaN,NaN,Nan
486.0,2002-03-03,VI 36-Stundenwoche,25.3,-2,-1
487,2002-06-02,Fristenregelung (Schwangerschaftsabbruch),NaN,NaN,Nan
488,2002-06-02,Initiative «Für Mutter und Kind»,NaN,NaN,Nan
489.1,2002-09-22,«Goldinitiative»,NaN,NaN,Nan
489.2,2002-09-22,Gegenentwurf «Gold für AHV; Kantone und Stiftung»,NaN,NaN,Nan
489.3,2002-09-22,Stichfrage zu Goldinitiative und Gegenentwurf,NaN,NaN,Nan
490.0,2002-09-22,Elektrizitätmarktgesetz,47.4,2,1
491.0,2002-11-24,Asyl-Initiative,50,1,-1
492.0,2002-11-24,Arbeitslosenversicherung,56.1,2,3
493,2003-02-09,Bundesbeschluss über die Änderung der Volksrechte,NaN,NaN,Nan
494,2003-02-09,Gesetz über die kantonalen Beiträge an Spitalbehandlungen,NaN,NaN,Nan
495,2003-05-18,Armee XXI,NaN,NaN,Nan
496,2003-05-18,Gesetz über den Zivilschutz,NaN,NaN,Nan
497.0,2003-05-18,"VI ""Faire Mieten""",32.7,-2,1
498,2003-05-18,Initiative «Für einen autofreien Sonntag pro Jahreszeit»,NaN,NaN,Nan
499.0,2003-05-18,Gesundheitsinitiative,27,-3,-2
500.0,2003-05-18,Behinderteninitiative,37.6,-3,1
501.0,2003-05-18,"VI ""Strom ohne Atom"" II",33.7,-1,1
502.0,2003-05-18,"VI ""MoratoriumPlus""",41.6,-1,1
503.0,2003-05-18,Lehrstellen-Initiative,31.6,-2,1
504.0,2004-02-08,Avanti-Gegenvorschlag,37,1,1
505.0,2004-02-08,Änderung des Mietrechts,35.8,2,3
506,2004-02-08,Initiative für eine lebenslange Verwahrung für gefährliche Straftäter,NaN,NaN,Nan
507.0,2004-05-16,11. AHV-Revision,32,2,3
508,2004-05-16,Anhebung der Mehrwertsteuer zu Gunsten von AHV und IV,NaN,NaN,Nan
509.0,2004-05-16,Steuerpaket,34.1,2,-2
510,2004-09-26,Erleichterte Einbürgerung von Jugendlichen der zweiten Generation,NaN,NaN,Nan
511,2004-09-26,Bürgerrechtserwerb für die dritte Generation,NaN,NaN,Nan
512.0,2004-09-26,"VI ""Postdienste für alle""",49.8,-2,-1
513.0,2004-09-26,Mutterschaftsversicherung,55.3,-1,1
514.0,2004-11-28,Neuer Finanzausgleich,64.3,1,-2
515,2004-11-28,Neue Finanzordnung,NaN,NaN,Nan
516,2004-11-28,Stammzellenforschungsgesetz,NaN,NaN,Nan
517,2005-06-05,Abkommen zu Schengen und Dublin,NaN,NaN,Nan
518,2005-06-05,Gesetz über die eingetragene Partnerschaft gleichgeschlechtlicher Paare,NaN,NaN,Nan
519,2005-09-25,Ausdehnung der Personenfreizügigkeit auf die neuen EU-Staaten,NaN,NaN,Nan
520,2005-11-27,Initiative «für Lebensmittel aus gentechnikfreier Landwirtschaft»,NaN,NaN,Nan
521.0,2005-11-27,Ladenöffnungszeiten an Bahnhöfen,50.5,2,1
522,2006-05-21,Neuordnung der Verfassungsbestimmungen zur Bildung,NaN,NaN,Nan
523,2006-09-24,Initiative «Nationalbankgewinne für die AHV»,NaN,NaN,Nan
524.0,2006-09-24,Ausländergesetz (AuG),68,1,1
525.0,2006-09-24,Asylgesetz (AsylG),67.8,1,1
526,2006-11-26,Gesetz über die Zusammenarbeit mit den Staaten Osteuropas,NaN,NaN,Nan
527.0,2006-11-26,"Familienzulagengesetz, FamZG",67.9,-2,1
528.0,2007-03-11,VI 'Für eine soziale Einheitskrankenkasse',28.7,-3,-1
529.0,2007-06-17,Invalidenversicherung (IVG),59.1,1,-2
530.0,2008-02-24,VI 'Gegen Kampfjetlärm in Tourismusgebieten',31.9,-1,1
531.0,2008-02-24,Unternehmenssteuerreformgesetz II,50.5,3,1
532,2008-06-01,Initiative «Für demokratische Einbürgerungen»,NaN,NaN,Nan
533,2008-06-01,Initiative «gegen Behördenprogaganda»,NaN,NaN,Nan
534.0,2008-06-01,Gesundheitsartikel,30.4,1,3
535,2008-11-30,Initiative für die Unverjährbarkeit pornografischer Straftaten an Kindern,NaN,NaN,Nan
536.0,2008-11-30,VI 'flexibles AHV-Alter',41.4,-3,2
537.0,2008-11-30,VI 'Abschaffung Verbandsbeschwerde',34.1,2,-1
538,2008-11-30,Initiative «für eine vernünftige Hanf-Politik»,NaN,NaN,Nan
539,2008-11-30,Betäubungsmittelgesetz,NaN,NaN,Nan
540,2009-02-08,Weiterführung der Personenfreizügigkeit SchweizEU und Ausdehnung auf Bulgarien und Rumänien,NaN,NaN,Nan
541.0,2009-05-17,Verfassungsartikel Komplementärmedizin,66.9,-1,1
542.0,2009-05-17,Biometrische Pässe,50,1,1
543.0,2009-09-27,MWST-Prozent für IV,54.4,-1,1
544,2009-09-27,Verzicht auf die Einführung der allgemeinen Volksinitiative,NaN,NaN,Nan
545,2009-11-29,Spezialfinanzierung für Aufgaben im Luftverkehr,NaN,NaN,Nan
546.0,2009-11-29,IV 'Verbot Kriegsmaterial-Export',31.7,-2,3
547,2009-11-29,Initiative «Gegen den Bau von Minaretten»,NaN,NaN,Nan
548,2010-03-07,Verfassungsartikel über die Forschung am Menschen,NaN,NaN,Nan
549,2010-03-07,Tierschutzanwalt-Initiative,NaN,NaN,Nan
550.0,2010-03-07,BVG-Mindestumwandlungssatz,27.1,2,3
551.0,2010-09-26,Arbeitslosenversicherungsgesetz,53.4,2,3
552.1,2010-11-28,Ausschaffungsinitiative,NaN,NaN,Nan
552.2,2010-11-28,Gegenvorschlag zur Ausschaffungsinitiative,45.8,1,3
552.3,2010-11-28,Stichfrage zu Ausschaffungsinitiative und Gegenentwurf,NaN,NaN,Nan
553.0,2010-11-28,Steuergerechtigkeits-Initiative,41.5,-3,-1
554.0,2011-02-13,VI Für den Schutz vor Waffengewalt,43.7,-2,1
555,2012-03-11,Zweitwohnungsinitiative,NaN,NaN,Nan
556.0,2012-03-11,Wohneigentums-Initiative,44.2,1,1
557.0,2012-03-11,Ferien-Initiative,33.5,-3,-1
558,2012-03-11,Regelung der Geldspiele zugunsten gemeinnütziger Zwecke,NaN,NaN,Nan
559.0,2012-03-11,Buchpreisbindung,43.9,-1,-1
560.0,2012-06-17,Bauspar-Initiative,31.1,1,-1
561,2012-06-17,Initiative «Staatsverträge vors Volk!»,NaN,NaN,Nan
562.0,2012-06-17,Managed-Care,24,2,3
563.0,2012-09-23,Jugendmusikförderung,72.7,-1,-2
564.0,2012-09-23,IV Sicheres Wohnen im Alter,47.4,1,-2
565,2012-09-23,Initiative «Schutz vor Passivrauchen»,NaN,NaN,Nan
566,2012-11-25,Tierseuchengesetz,NaN,NaN,Nan
567.0,2013-03-03,Familienartikel,54.3,-1,-2
568.0,2013-03-03,Abzocker-Initiative,68,-1,1
569.0,2013-03-03,Raumplanungsgesetz,62.9,-1,1
570,2013-06-09,Initiative «Volkswahl des Bundesrates»,NaN,NaN,Nan
571.0,2013-06-09,Dringliche Änderungen des Asylgesetzes,78.4,1,3
572.0,2013-09-22,Ja zur Aufhebung der Wehrpflicht,26.8,-1,1
573,2013-09-22,Epidemiengesetz,NaN,NaN,Nan
574.0,2013-09-22,Arbeitsgesetz,56.7,1,1
575.0,2013-11-24,1:12 - Für gerechte Löhne,34.7,-2,1
576,2013-11-24,«Familieninitiative»,NaN,NaN,Nan
577,2013-11-24,Änderung des Nationalstrassenabgabegesetzes (Autobahnvignette),NaN,NaN,Nan
578.0,2014-02-09,FABI - Finanzierung und Ausbau der Eisenbahninfrastruktur,62,-1,-3
579,2014-02-09,Initiative «Abtreibungsfinanzierung ist Privatsache»,NaN,NaN,Nan
580,2014-02-09,Initiative «Gegen Masseneinwanderung»,NaN,NaN,Nan
581,2014-05-18,Bundesbeschluss über die medizinische Grundversorgung,NaN,NaN,Nan
582,2014-05-18,Initiative «Pädophile sollen nicht mehr mit Kindern arbeiten dürfen»,NaN,NaN,Nan
583,2014-05-18,«Mindestlohn-Initiative»,NaN,NaN,Nan
584,2014-05-18,Fonds zur Beschaffung des Kampfflugzeugs Gripen,NaN,NaN,Nan
585,2014-09-28,Initiative «Schluss mit der MwSt-Diskriminierung des Gastgewerbes!»,NaN,NaN,Nan
586,2014-09-28,Initiative «Für eine öffentliche Krankenkasse»,NaN,NaN,Nan
587,2014-11-30,Initiative zur Abschaffung der Pauschalbesteuerung,NaN,NaN,Nan
588,2014-11-30,Initiative «Stopp der Überbevölkerung  zur Sicherung der natürlichen Lebensgrundlagen»,NaN,NaN,Nan
589,2014-11-30,Gold-Initiative,NaN,NaN,Nan
590,2015-03-08,Initiative für steuerfreie Kinderzulagen,NaN,NaN,Nan
591,2015-03-08,Initiative «Energie- statt Mehrwertsteuer»,NaN,NaN,Nan
592,2015-06-14,Verfassungsbestimmung zur Fortpflanzungsmedizin und Gentechnologie im Humanbereich,NaN,NaN,Nan
593,2015-06-14,Stipendieninitiative,NaN,NaN,Nan
594,2015-06-14,Initiative «Millionen-Erbschaften besteuern für unsere AHV»,NaN,NaN,Nan
595,2015-06-14,Radio- und Fernsehgesetz (Radio- und Fernsehabgabe),NaN,NaN,Nan
596,2016-02-28,Initiative «gegen die Heiratsstrafe»,NaN,NaN,Nan
597,2016-02-28,«Durchsetzungsinitiative»,NaN,NaN,Nan
598,2016-02-28,Initiative «Keine Spekulation mit Nahrungsmitteln!»,NaN,NaN,Nan
599,2016-02-28,Sanierung Gotthard-Strassentunnel,NaN,NaN,Nan
600,2016-06-05,Initiative «Pro Service public»,NaN,NaN,Nan
601,2016-06-05,Initiative «Für ein bedingungsloses Grundeinkommen»,NaN,NaN,Nan
602,2016-06-05,Initiative «Für eine faire Verkehrsfinanzierung»,NaN,NaN,Nan
603,2016-06-05,Fortpflanzungsmedizingesetz,NaN,NaN,Nan
604,2016-06-05,Asylgesetz,NaN,NaN,Nan
605,2016-09-25,Initiative «Grüne Wirtschaft»,NaN,NaN,Nan
606,2016-09-25,Initiative «AHVplus: für eine starke AHV»,NaN,NaN,Nan
607,2016-09-25,Nachrichtendienstgesetz,NaN,NaN,Nan
608,2016-11-27,Atomausstiegsinitiative,NaN,NaN,Nan
609,2017-02-12,Erleichterte Einbürgerung der dritten Ausländergeneration,NaN,NaN,Nan
610,2017-02-12,Fonds für die Nationalstrassen und den Agglomerationsverkehr (NAF),NaN,NaN,Nan
611,2017-02-12,Unternehmenssteuerreform III,NaN,NaN,Nan
612,2017-05-21,Energiegesetz,NaN,NaN,Nan
613,2017-09-24,Bundesbeschluss über die Ernährungssicherheit,NaN,NaN,Nan
614,2017-09-24,Zusatzfinanzierung der AHV durch eine Erhöhung der Mehrwertsteuer,NaN,NaN,Nan
615,2017-09-24,Reform der Altersvorsorge 2020,NaN,NaN,Nan
616,2018-03-04,Neue Finanzordnung 2021,NaN,NaN,Nan
617,2018-03-04,Initiative «Abschaffung der Billag-Gebühren»,NaN,NaN,Nan
618,2018-06-10,Vollgeld-Initiative,NaN,NaN,Nan
619,2018-06-10,Geldspielgesetz,NaN,NaN,Nan
620,2018-09-23,Bundesbeschluss über die Velowege sowie die Fuss- und Wanderwege,NaN,NaN,Nan
621,2018-09-23,Fair-Food-Initiative,NaN,NaN,Nan
622,2018-09-23,Initiative «Für Ernährungssouveränität»,NaN,NaN,Nan
623,2018-11-25,Hornkuh-Initiative,NaN,NaN,Nan
624,2018-11-25,Selbstbestimmungsinitiative,NaN,NaN,Nan
625,2018-11-25,Gesetzliche Grundlage für die Überwachung von Versicherten,NaN,NaN,Nan
626,2019-02-10,Zersiedelungsinitiative,NaN,NaN,Nan
627,2019-05-19,Steuerreform und AHV-Finanzierung (STAF),NaN,NaN,Nan
628,2019-05-19,Umsetzung der EU-Waffenrichtlinie,NaN,NaN,Nan
629,2020-02-09,Initiative «Mehr bezahlbare Wohnungen»,NaN,NaN,Nan
630,2020-02-09,Verbot der Diskriminierung aufgrund der sexuellen Orientierung,NaN,NaN,Nan
631,2020-09-27,Begrenzungsinitiative,NaN,NaN,Nan
632,2020-09-27,Jagdgesetz,NaN,NaN,Nan
633,2020-09-27,Erhöhung der steuerlichen Kinderabzüge,NaN,NaN,Nan
634,2020-09-27,Vaterschaftsurlaub,NaN,NaN,Nan
635,2020-09-27,Beschaffung neuer Kampfflugzeuge,NaN,NaN,Nan
636,2020-11-29,Konzernverantwortungsinitiative,NaN,NaN,Nan
637,2020-11-29,«Kriegsgeschäfte-Initiative»,NaN,NaN,Nan
638,2021-03-07,Initiative für ein Verhüllungsverbot,NaN,NaN,Nan
639,2021-03-07,Gesetz über elektronische Identifizierungsdienste,NaN,NaN,Nan
640,2021-03-07,Freihandelsabkommen mit Indonesien,NaN,NaN,Nan
641,2021-06-13,Trinkwasserinitiative,NaN,NaN,Nan
642,2021-06-13,Pestizidinitiative,NaN,NaN,Nan
643,2021-06-13,Covid-19-Gesetz,NaN,NaN,Nan
644,2021-06-13,CO2-Gesetz,NaN,NaN,Nan
645,2021-06-13,Gesetz über polizeiliche Massnahmen gegen Terrorismus,NaN,NaN,Nan
646,2021-09-26,«99%-Initiative»,NaN,NaN,Nan
647,2021-09-26,Ehe für alle,NaN,NaN,Nan
648,2021-11-28,Pflegeinitiative,NaN,NaN,Nan
649,2021-11-28,Justizinitiative,NaN,NaN,Nan
650,2021-11-28,Änderung des Covid-19-Gesetzes,NaN,NaN,Nan
651,2022-02-13,Initiative für ein Verbot von Tier- und Menschenversuchen,NaN,NaN,Nan
652,2022-02-13,Initiative «Kinder und Jugendliche ohne Tabakwerbung»,NaN,NaN,Nan
653,2022-02-13,Gesetz über die Stempelabgaben,NaN,NaN,Nan
654,2022-02-13,Medienpaket,NaN,NaN,Nan
